City,Date,PM2.5,PM10,NO,NO2,NOx,NH3,CO,SO2,O3,AQI
Delhi,01-01-2018,303.41,415.09,62.76,63.92,11.79,73.16,1.8,18.58,68.75,462
Delhi,01-02-2018,277.48,422.59,31.26,53.73,4.26,55.61,1.52,12.43,68.68,439
Delhi,01-03-2018,217.01,336.87,37.98,52.24,2.87,50.81,1.29,10.28,54.94,405
Delhi,01-04-2018,248.54,377.61,35.56,61.57,4.24,55.17,1.36,14.42,66.31,394
Delhi,01-05-2018,240.42,360.99,38.73,54.8,4.57,51.36,1.38,13.2,48.57,398
Delhi,01-06-2018,252.57,378.9,65.27,59.12,8.53,63.78,1.59,18.15,39.65,403
Delhi,01-07-2018,191.66,292.74,26.49,47.02,4.99,50.09,1.3,16.27,57.39,384
Delhi,01-08-2018,152.98,259.13,37.51,51.6,5.28,47.52,1.33,17.15,54.55,314
Delhi,01-09-2018,233.1,355.21,62.59,66.19,10.36,58.65,1.54,21.82,66.79,373
Delhi,01-10-2018,186.26,294.24,34.44,60.21,3.98,48.38,1.4,18.98,58.51,366
Delhi,01-11-2018,154.64,243.95,30.06,63.57,3.47,47.42,1.47,17.4,56.22,318
Delhi,01-12-2018,168.87,281.06,40.02,65.3,3.73,55.07,1.56,24.03,62.37,306
Delhi,1/13/2018,230.5,355.43,68.69,61.28,3.2,75.88,2.12,24.28,75.14,370
Delhi,1/14/2018,191.47,308.74,36.32,54.37,1.87,55.35,1.72,22.47,64.8,365
Delhi,1/15/2018,177.71,309.85,32.47,52.51,2.15,54.6,1.42,19.12,59.73,352
Delhi,1/16/2018,133.56,231.04,31.78,46.86,3.92,43.23,1.36,19.06,54,278
Delhi,1/17/2018,235.06,353.55,44.3,47.86,34.61,52.37,1.61,14.48,64.1,350
Delhi,1/18/2018,276.25,428.08,48.32,55.08,85.75,59.73,2.04,21.02,72.89,411
Delhi,1/19/2018,253.7,398.16,41.26,49.45,81.11,63.31,1.82,22.27,73.6,451
Delhi,1/20/2018,152.33,252.92,21.5,38.87,53.34,66.51,1.31,14.45,43.18,351
Delhi,1/21/2018,153.61,274.5,33.93,44.09,63.87,63.25,1.51,16.91,41.49,310
Delhi,1/22/2018,202.11,352.68,54.86,56.45,72.5,63.15,1.87,21.64,68.33,362
Delhi,1/23/2018,160.79,248.48,25.98,47.26,67.65,51.07,1.43,14.25,48.67,343
Delhi,1/24/2018,130.16,192.19,25.05,35.33,56.27,43.08,1.32,11.9,42.04,286
Delhi,1/25/2018,111.75,167.31,24.28,40.13,48.6,40.74,1.37,6.84,43.99,267
Delhi,1/26/2018,128.45,207.66,28.91,38.17,57.6,44.28,1.43,7.99,44.09,263
Delhi,1/27/2018,155.2,271.1,34.29,45.14,60.99,46.22,1.4,7.94,56.12,284
Delhi,1/28/2018,150.96,248.26,41.85,47.6,73.57,45.66,1.85,10.26,54.01,334
Delhi,1/29/2018,162.48,272.45,45.81,54.51,74.45,44.78,1.96,12.61,60.56,332
Delhi,1/30/2018,126.84,212.59,23.71,47.59,51.3,38.68,2,14.47,56.85,300
Delhi,1/31/2018,123.48,205.56,22.07,45.46,48.06,39.32,2.52,11.35,53.7,271
Delhi,02-01-2018,157.33,298.58,38.37,63.88,67.65,46.95,1.62,18.67,60.7,293
Delhi,02-02-2018,140.35,282.16,34.69,54.28,71.59,52.36,1.49,12.25,52.12,318
Delhi,02-03-2018,115.05,239.61,27.97,51.46,64.81,46.26,1.29,14.2,52.29,277
Delhi,02-04-2018,133.8,252.13,22.5,46.74,56.52,45.13,1.3,13.2,52.23,284
Delhi,02-05-2018,163.6,308.37,42.64,63.42,78.45,45.41,1.33,14.77,43.11,313
Delhi,02-06-2018,143.29,274.72,28.45,56.51,67.62,44.96,1.21,14.94,41.11,324
Delhi,02-07-2018,131.49,246.92,26.04,54.53,55.33,43.31,1.18,14.58,49.34,287
Delhi,02-08-2018,186.19,338.61,66.23,74.83,86.77,47.89,1.75,13.8,45.91,334
Delhi,02-09-2018,203.33,348.94,56.38,74.5,84.22,49.6,1.7,14.35,49.11,375
Delhi,02-10-2018,209.7,373.06,71.59,99.06,86.85,47.52,2.55,13.77,53.31,378
Delhi,02-11-2018,148.13,300.96,57.19,62.4,82.24,51.43,1.56,14.45,43.54,350
Delhi,02-12-2018,72.36,153.11,16.51,33.08,42.62,46.64,0.97,8.58,37.47,218
Delhi,2/13/2018,103.93,170.12,37.45,46.48,72.84,50.89,1.21,10.25,38.83,189
Delhi,2/14/2018,76.92,149.43,16.31,34.92,44.75,40.88,0.96,9.03,38.43,217
Delhi,2/15/2018,94.49,173.59,16.78,38.54,47.11,44.48,1.03,11.47,40.95,189
Delhi,2/16/2018,123.19,219.11,24.78,48.33,60.03,49.81,1.21,12.49,38.4,248
Delhi,2/17/2018,127.8,244.27,24.55,49.9,60.9,49.73,1.27,15.01,44.13,277
Delhi,2/18/2018,127.27,234.67,35.15,50.94,67.43,45.32,1.36,12.17,45.75,284
Delhi,2/19/2018,172.55,315.75,68.88,71.76,88.37,46.22,1.96,15.25,49.74,321
Delhi,2/20/2018,167.16,317.53,56.44,68.29,87.59,49.25,1.89,14.53,51.27,335
Delhi,2/21/2018,172.99,346.46,72.82,92.54,94.31,49.47,2.42,13.97,57.47,347
Delhi,2/22/2018,159.67,313.47,59.65,66.4,90.58,55.72,1.8,15.89,47.69,333
Delhi,2/23/2018,163.75,333.99,59.63,70.77,92.54,59.64,1.81,16.26,48.62,331
Delhi,2/24/2018,164.2,349.29,47.09,62.66,80.95,62.61,1.52,15.09,55.26,347
Delhi,2/25/2018,106.26,222.46,25,42.88,59.15,50.57,1,14.34,43.87,317
Delhi,2/26/2018,67.27,156.72,14.44,33.59,43.27,41.83,0.88,9.64,43.19,170
Delhi,2/27/2018,85.53,178.51,24.54,43.12,56.44,43.85,1.15,10.72,40.51,167
Delhi,2/28/2018,143.25,279.26,42.48,52.5,78.41,53.64,1.47,14.52,46.16,274
Delhi,03-01-2018,120.71,256.86,45.93,51.74,79.9,49.29,1.43,14.9,40.69,293
Delhi,03-02-2018,139.18,253.32,46.05,50.64,78.23,48.86,1.64,11.52,45.55,300
Delhi,03-03-2018,98.25,205.92,26.84,41.07,59.03,44.26,1.18,12.93,38.38,244
Delhi,03-04-2018,79.83,182.26,25.27,39.02,56.08,39.35,0.99,12.95,34.95,205
Delhi,03-05-2018,76.96,164.74,24.87,39.58,56.62,38.32,0.99,12.7,40.45,180
Delhi,03-06-2018,75.45,163.52,15.1,37.92,44.67,34.56,0.94,12.99,44.99,170
Delhi,03-07-2018,87.62,178.53,25.71,45.6,54.4,36.46,1.11,13.23,45.24,192
Delhi,03-08-2018,139.88,283.57,60.76,79.5,82.26,43.35,1.84,16.98,57.76,262
Delhi,03-09-2018,134.76,274.89,45.51,65.86,75.45,46.02,1.64,18.68,52.43,316
Delhi,03-10-2018,75.67,171.69,16.27,39.85,47.05,39.35,0.95,14.8,41.74,207
Delhi,03-11-2018,88.3,183.74,23.14,41.81,55.86,39.62,1.08,15.41,46.28,179
Delhi,03-12-2018,105.29,223.67,28.38,45.32,65.27,42.8,1.18,17.48,44.49,236
Delhi,3/13/2018,109.22,245.66,41.54,56.5,73.67,42.23,1.54,17.22,43.79,241
Delhi,3/14/2018,116.62,328.98,60.02,64.82,87.49,40.47,1.63,17.39,48.03,287
Delhi,3/15/2018,108.98,314.72,36.34,48.86,66.89,43.23,1.23,16.08,37.77,314
Delhi,3/16/2018,111.67,256.67,27.56,41.48,62.19,42.2,1.09,16.61,43.04,269
Delhi,3/17/2018,81.57,170.16,21.81,32.61,44.69,33.72,1.09,13.63,37.89,218
Delhi,3/18/2018,82.15,173.07,18.88,31.72,41.03,30.32,1.2,17.22,45.83,177
Delhi,3/19/2018,81.93,197.13,28.38,43.85,62.83,37.7,1.1,16.95,44.89,177
Delhi,3/20/2018,109.99,249.2,44.27,55.71,82.08,44.26,1.42,20.52,51.95,224
Delhi,3/21/2018,133.53,280.94,30.35,45.33,66.03,49.85,1.36,24.36,52.82,302
Delhi,3/22/2018,83.4,176.02,13.53,33.49,41.53,42.95,1,17.14,45.99,226
Delhi,3/23/2018,64.2,151.45,14.86,34.53,42.49,34.91,0.89,12.75,46.6,171
Delhi,3/24/2018,78.4,186.62,15.2,37.32,44.39,35.84,0.91,14.56,50.02,183
Delhi,3/25/2018,85.34,190.95,11.77,34.66,41.31,37.35,0.96,15.57,54.47,202
Delhi,3/26/2018,85.9,198.67,19.04,41.2,51.42,36.49,1.06,16.28,52.72,203
Delhi,3/27/2018,111.26,256.4,42.38,60.75,76,37.92,1.52,18.5,49.55,246
Delhi,3/28/2018,117.78,280.25,55.87,71.04,79.52,37.48,1.74,16.27,57.85,293
Delhi,3/29/2018,95.98,217.49,17.1,41.56,49.23,37.18,1.01,16.53,57.43,238
Delhi,3/30/2018,96.45,241.13,21.45,45.84,58.22,37.57,1.11,15.95,58.75,234
Delhi,3/31/2018,101.59,292.49,25.6,44.76,57.92,42.4,1.17,16.59,67.56,269
Delhi,04-01-2018,75.14,199.8,15.98,37.97,46.42,37.86,1.01,14.13,68.76,217
Delhi,04-02-2018,96.38,241.96,26.07,48.52,64.03,43.29,1.22,16.54,64.33,217
Delhi,04-03-2018,101.18,252.21,27.42,51.63,66.35,45.56,1.28,17.36,67.6,239
Delhi,04-04-2018,111.82,262.69,32.79,52.51,69.5,50.48,1.44,16.58,65.46,244
Delhi,04-05-2018,152.56,337.64,43.18,60.24,76.02,49.53,1.76,19.67,64.73,329
Delhi,04-06-2018,100.5,231.2,25.66,44.92,62.14,43.35,1.42,19.96,54.04,271
Delhi,04-07-2018,48.46,132.97,18.92,36.94,50.39,42.48,1.12,10.48,54.42,170
Delhi,04-08-2018,50.27,137.52,13.22,34.29,41.32,44.48,1.09,10.5,56.29,142
Delhi,04-09-2018,49.56,123.41,24.07,39.45,53.81,44.12,1.35,10.77,42.76,133
Delhi,04-10-2018,93.89,251.98,35.24,45.16,65.04,52.07,1.57,12.65,60.94,205
Delhi,04-11-2018,48.61,125.53,16.25,32.33,41.68,39.88,0.99,11.21,46.34,179
Delhi,04-12-2018,46.21,109.03,20.89,40.94,49.98,33.55,1.3,10.07,48.2,135
Delhi,4/13/2018,83.96,196.02,34.37,54.68,64.81,36.1,1.78,13.37,47.74,201
Delhi,4/14/2018,97.16,235.01,42.69,59.41,73.26,39.49,2.12,15.77,47.69,233
Delhi,4/15/2018,107.36,258.52,49,67.79,75.59,40.66,2.26,17.56,53.47,240
Delhi,4/16/2018,119.75,334.05,51.52,76.17,79.53,46.53,2.51,21.02,55.85,296
Delhi,4/17/2018,81.97,260.67,35.67,57.84,69.28,39.2,1.56,13.57,49.19,266
Delhi,4/18/2018,73.44,256.18,16.91,40.44,46.57,33.33,1.04,13.29,51.01,216
Delhi,4/19/2018,89.49,282.24,27.08,51.78,62.47,35.35,1.19,16.76,53.3,242
Delhi,4/20/2018,100.01,385.04,20.62,40.56,49.75,36.14,0.91,15.55,48.98,271
Delhi,4/21/2018,119.24,480.07,9.64,30.99,35.73,31.94,0.89,12.08,61.05,444
Delhi,4/22/2018,62.06,208.53,9.34,31.63,35.38,29.3,0.85,16.92,60.81,302
Delhi,4/23/2018,76.11,219.94,17.48,39.43,43.95,27.09,1.03,12.89,63.78,197
Delhi,4/24/2018,108.64,274.05,27.8,57.07,61.05,32.19,1.28,17.01,59.45,242
Delhi,4/25/2018,117.56,313.41,46.07,82.47,77.25,31.94,2.02,15.1,48.81,287
Delhi,4/26/2018,142.82,397.1,44.46,78.5,78.44,41.32,2.09,17.89,65.07,329
Delhi,4/27/2018,107.47,336.49,22.69,49.86,54.16,51.03,1.41,12.96,69.49,351
Delhi,4/28/2018,84.13,316.52,11.33,36.11,41.23,44.78,1.14,12.38,75.5,288
Delhi,4/29/2018,89.1,259.12,13.32,42.57,48.22,47.69,1.26,16.1,69.07,259
Delhi,4/30/2018,79.3,214.51,21.81,46.42,58.38,49.72,1.12,11.9,60.39,221
Delhi,05-01-2018,54.88,165.91,11.11,33.37,41.04,44.37,0.81,8.8,65.54,173
Delhi,05-02-2018,66.74,189.28,14.43,34.14,42.86,37.69,1.02,7.65,64.55,161
Delhi,05-03-2018,47.25,153.75,15.63,31.77,40.96,38.01,1.23,9.52,50.16,167
Delhi,05-04-2018,49.09,123.82,11.61,30.44,37.96,38.61,1.17,9.06,59.09,146
Delhi,05-05-2018,74.82,196.76,23.26,46.75,55.93,44.85,1.74,11.85,59.48,174
Delhi,05-06-2018,110.48,290.63,42.39,53.69,71.2,44.57,2.05,14.61,57.57,280
Delhi,05-07-2018,111.95,302.1,42.33,54.75,76.02,45.99,2.2,16.31,57.48,243
Delhi,05-08-2018,61,177.71,10.01,27.66,32.84,27.14,1.31,6.97,61.42,252
Delhi,05-09-2018,71.99,177.76,19.68,46.09,56.74,43.68,1.46,12.35,53.1,168
Delhi,05-10-2018,93.45,215.34,28.94,52.15,68.21,53.84,2.41,12.02,57.78,218
Delhi,05-11-2018,132.39,315.8,35.51,65.41,75.54,51.67,2.73,16.58,65.24,292
Delhi,05-12-2018,144.33,353.5,45.32,74.13,88.45,65.63,3.2,17.75,67.9,330
Delhi,5/13/2018,80.64,236.35,17.22,31.22,44.1,59.34,2.1,11.48,67.88,285
Delhi,5/14/2018,49.22,137.39,13.4,40.3,41.85,46.61,2.05,11.3,56.2,174
Delhi,5/15/2018,67.23,177.03,13.34,39.81,43.92,49.62,1.91,11.9,62.52,173
Delhi,5/16/2018,78.74,221.21,16.47,41.79,45.65,43.11,1.11,9.25,54.41,194
Delhi,5/17/2018,105.99,288.92,17.3,44.14,44.55,45.08,0.85,13.61,70.39,240
Delhi,5/18/2018,96.96,241.99,27.74,53.88,63.16,54.12,1.07,13.97,58.67,254
Delhi,5/19/2018,103.98,284.44,49.67,65.52,81.75,55.99,1.46,12.48,57.66,270
Delhi,5/20/2018,83.66,228.61,20.35,45.88,50.04,45.4,1.08,12.65,55.77,231
Delhi,5/21/2018,71.25,209.67,14.16,42.68,48.33,41.07,0.91,12.73,60.27,208
Delhi,5/22/2018,91.16,243.14,28.41,59.07,60.5,40.31,1.17,15.56,59.41,207
Delhi,5/23/2018,129.23,324,53.83,77.28,86.18,46.95,1.66,17.57,59.46,306
Delhi,5/24/2018,114.13,298.07,37.09,57.51,67.13,51.03,1.34,17.78,53.43,303
Delhi,5/25/2018,83.88,249.82,42.75,59.34,63.04,36.45,1.31,12.73,48.95,260
Delhi,5/26/2018,103.02,263.49,41.7,64.88,61.71,37.33,1.47,14.9,49.85,244
Delhi,5/27/2018,97.37,314.96,31.92,58.31,57.05,35.05,1.1,11.59,56.75,268
Delhi,5/28/2018,117.56,290.96,29.36,54.01,57.51,48.36,1.33,15.54,59.11,276
Delhi,5/29/2018,112.6,312.18,41.22,60.34,66.84,51.9,1.4,11.93,59.1,303
Delhi,5/30/2018,65.76,295.94,13.19,33.21,42.64,54.38,0.95,8.58,59.9,272
Delhi,5/31/2018,71.99,235.22,14.54,40.76,44.17,50.49,1,9.71,50.6,223
Delhi,06-01-2018,79.98,233.97,8.65,30.14,33.87,48.38,0.81,8.24,58.87,196
Delhi,06-02-2018,52.6,154.66,12.65,29.28,35.13,41.24,0.98,9.08,60.12,183
Delhi,06-03-2018,59.52,140.21,16.93,31.51,43.09,43.82,0.84,7.79,57.87,154
Delhi,06-04-2018,64.42,179.31,14.32,30.68,38.57,49.08,0.81,8.14,57.03,170
Delhi,06-05-2018,61.72,152.57,9.58,27.67,32.62,43.21,0.82,7.51,48.46,160
Delhi,06-06-2018,57.68,159.45,8.99,31.11,33.05,39.58,0.88,9.34,48.47,146
Delhi,06-07-2018,73.77,165.33,10.21,33.8,37.99,40.17,0.96,10.1,60.18,166
Delhi,06-08-2018,76.78,196.34,9.8,31.27,36.1,46.72,0.95,7.75,54.22,180
Delhi,06-09-2018,52.79,136.75,10.94,27.39,36.36,40.4,0.9,6.41,41.95,153
Delhi,06-10-2018,67.02,141.09,16.94,34.23,38.52,49.24,0.93,7.35,45.16,153
Delhi,06-11-2018,73.22,218.14,11.9,34.85,35.75,48.15,0.9,6.94,46.66,186
Delhi,06-12-2018,141.28,497.9,11.06,31.72,34.01,40.05,0.87,8.73,37.85,285
Delhi,6/13/2018,261.77,743.98,11.58,25.75,30.62,32.58,0.77,6.91,27.45,453
Delhi,6/14/2018,225.49,761.91,11.75,25.37,29.01,27.3,0.72,7.22,43.38,522
Delhi,6/15/2018,153.28,613.34,12.05,24.61,29.31,26.27,0.7,7.31,40.15,593
Delhi,6/16/2018,127.32,516.85,10.15,25,29.76,28.12,0.68,7.29,45.76,531
Delhi,6/17/2018,84.47,289.18,8.45,22.78,27.88,27.53,0.68,6.18,44.56,384
Delhi,6/18/2018,61.06,166.71,11.44,26.68,31.17,33.27,0.77,7.71,46.41,179
Delhi,6/19/2018,52.76,152.06,10.85,26.52,29.02,31.25,0.68,6.5,53.39,146
Delhi,6/20/2018,67.55,201.22,13.82,33.71,37.25,36.03,0.77,10.05,60.2,175
Delhi,6/21/2018,76.98,273.16,11.17,34.82,35.93,38.44,0.75,9.73,66.75,221
Delhi,6/22/2018,83.98,247.55,23.62,45.06,53.22,44.46,0.99,12.38,64.38,249
Delhi,6/23/2018,81.33,242.29,17.78,44.23,49.29,44.27,0.96,11.68,66.18,228
Delhi,6/24/2018,54.15,163.89,10.39,34.98,37.1,34.64,0.77,13.73,59.17,194
Delhi,6/25/2018,46.9,155.61,10.81,34.92,31.12,32.64,0.74,12.17,39.06,168
Delhi,6/26/2018,29.98,92.12,8.89,34.16,26.14,35.67,0.72,13.16,33.09,128
Delhi,6/27/2018,52.48,111.4,9.03,31,25.96,44.57,0.84,10.43,44.04,126
Delhi,6/28/2018,30.07,71.42,8.68,29.01,23.9,44.84,0.76,8.48,33.17,99
Delhi,6/29/2018,37.11,84.12,10.99,30.43,26.78,42.44,0.87,9.36,31.43,90
Delhi,6/30/2018,41.41,103.75,10.42,32.89,28.23,40.71,0.91,9.55,31.21,113
Delhi,07-01-2018,34.18,97.81,10.82,28.46,26.45,44.47,0.78,8.53,28.09,102
Delhi,07-02-2018,34.24,122.23,7.87,25.74,22.61,36.17,0.65,8.82,33.79,111
Delhi,07-03-2018,44.55,109.65,11.74,37.27,32.19,38.7,0.86,10.11,39.78,122
Delhi,07-04-2018,45.76,113.75,8.01,31.17,25.67,37,0.78,10.14,45.71,128
Delhi,07-05-2018,50.41,133.6,13.52,38.05,33.66,38.45,0.95,11.14,41.14,130
Delhi,07-06-2018,57.12,163.19,16.15,36.71,35.28,48.7,0.94,10.27,40.01,147
Delhi,07-07-2018,61.93,158.13,8.99,34.43,28.17,51.84,0.9,10.4,53.82,155
Delhi,07-08-2018,68.2,179.05,14.86,39.85,35.86,57.11,0.98,11.6,65.27,176
Delhi,07-09-2018,70.48,169.96,9.06,35.14,28.69,55.38,0.93,11,54.8,168
Delhi,07-10-2018,47.48,112.45,7.74,28.19,24.09,47.18,0.81,10.92,43.89,140
Delhi,07-11-2018,39.78,102.39,8.76,31.82,26.63,39.31,0.84,11.26,34.6,111
Delhi,07-12-2018,46.53,127.08,10.21,34.22,28.48,35.01,0.76,10.92,45.16,130
Delhi,7/13/2018,28.44,61.6,12.27,31.94,29.09,33.49,0.88,10.69,26.96,109
Delhi,7/14/2018,33.82,70.35,13.24,31.63,31.3,34.11,0.84,11.13,29.2,96
Delhi,7/15/2018,37.76,78.42,8.28,28.9,25.51,32.08,0.78,10.64,28.01,92
Delhi,7/16/2018,37.32,83.03,13.87,33.31,32.44,36.19,0.96,9.51,23.59,95
Delhi,7/17/2018,34.26,84.78,11.89,30.73,28.81,41.85,0.87,10.2,31.96,105
Delhi,7/18/2018,37.76,97.11,12.45,29.45,28.39,46.23,0.82,11.04,32.43,114
Delhi,7/19/2018,35.04,83.54,10.58,27.41,25.71,41.74,0.8,11.14,31.96,106
Delhi,7/20/2018,37.26,80.33,12.22,33.46,30.45,38.54,0.89,10.4,24.18,90
Delhi,7/21/2018,50.21,95.93,17.99,36.48,37.03,43.54,0.97,11.2,32.23,114
Delhi,7/22/2018,25.81,47.63,12.14,27.55,27.12,37.26,0.83,9.85,24.91,87
Delhi,7/23/2018,32.39,69.73,14.28,28.74,29.43,39.3,0.81,10.43,26.11,80
Delhi,7/24/2018,39.3,94.8,12.18,29.15,26.72,40.08,0.83,10.78,34.46,101
Delhi,7/25/2018,34.7,80.13,15.59,27.58,28.48,39.46,0.81,9.99,21.39,90
Delhi,7/26/2018,32.22,57.98,16.81,25.1,28.9,38.33,0.89,9.27,18.6,90
Delhi,7/27/2018,21.75,35.79,14.04,23.41,25.77,33.02,0.91,9.13,19.82,68
Delhi,7/28/2018,37.69,67.2,13.43,21.59,24.43,29.08,0.73,9.55,24.11,71
Delhi,7/29/2018,44.03,116.89,18.34,25.02,30.46,36.7,0.74,9.37,26.19,100
Delhi,7/30/2018,39.89,122.86,15.98,25.06,28.28,42.39,0.8,8.96,28.09,122
Delhi,7/31/2018,50.59,165.4,15.59,28.84,30.1,41.94,0.91,9.12,27.81,135
Delhi,08-01-2018,55.77,195.09,19.92,26.14,32.34,38.58,0.94,9.71,29.94,155
Delhi,08-02-2018,71.5,268.29,20.56,25.2,32.61,36.33,0.86,10.22,29.3,215
Delhi,08-03-2018,65.46,248.8,19.1,26.08,31.73,34.43,0.78,9.48,28.1,228
Delhi,08-04-2018,69.75,264.97,19.25,28.77,32.96,33.4,0.76,9.61,29.61,215
Delhi,08-05-2018,63.57,246.89,17.71,24.82,29.73,33.84,0.71,9.86,25.4,234
Delhi,08-06-2018,50.64,131.76,19.28,26.59,32.23,45.36,0.9,9.4,27.42,166
Delhi,08-07-2018,44.54,110.19,18.64,26.15,31.04,40.11,0.98,10.65,32.06,123
Delhi,08-08-2018,36.7,76.04,19.04,25.24,30.33,38.57,1.02,9.47,31.12,108
Delhi,08-09-2018,36.84,91.15,17.18,24.98,29.1,38.58,0.89,9.85,34.11,102
Delhi,08-10-2018,46.24,115.63,27.59,34.82,42.63,40.95,1.11,9.66,31.83,111
Delhi,08-11-2018,32.72,98.26,18.61,24.06,28.8,36.5,0.7,8.84,27.66,106
Delhi,08-12-2018,25.7,83.58,14.86,23.5,25.93,30.55,0.66,9.09,23.92,92
Delhi,8/13/2018,32.75,106.03,16.15,25.04,28.15,34.65,0.84,9.26,27.7,102
Delhi,8/14/2018,46.85,126.7,14.03,29.49,30.34,39.38,1.09,9.86,32.47,122
Delhi,8/15/2018,43,117.21,9.88,23.72,22.86,37.96,0.84,8.85,34.04,128
Delhi,8/16/2018,36.49,88.06,18.67,29.32,33.72,40.19,1.21,10.43,31.87,109
Delhi,8/17/2018,32.98,80.82,18.25,24.58,30.72,37.68,0.98,9.26,30.62,109
Delhi,8/18/2018,32.11,77.4,12.87,26.17,26.14,32.83,0.88,10.05,30.9,90
Delhi,8/19/2018,47.01,96,18.92,31.85,33.12,31.46,1.07,11.4,32.1,100
Delhi,8/20/2018,61.1,125.39,23.17,32.54,37.99,38.4,1.18,10.88,39.36,138
Delhi,8/21/2018,30.98,77.56,11.76,27.85,26.25,32.36,1.02,11.99,31.02,105
Delhi,8/22/2018,29.75,74.91,14.93,28.18,28.73,28.58,0.9,11.43,25.33,91
Delhi,8/23/2018,31.19,73.3,15.41,24.72,27.95,32.42,0.82,10.82,18.25,86
Delhi,8/24/2018,23.71,88,17.54,24.6,29.81,28.45,0.8,10.4,19.29,89
Delhi,8/25/2018,21.96,82.69,14.99,22.78,26.16,25.87,0.68,10.9,20.69,100
Delhi,8/26/2018,23.96,77.21,9.89,19.92,20.16,24.13,0.6,10.31,24.77,85
Delhi,8/27/2018,24.78,56.62,10.67,23.6,23.07,26.04,0.78,10.82,26.5,82
Delhi,8/28/2018,29.26,58.76,14.65,25.52,27.65,27.99,0.85,10.84,21.91,81
Delhi,8/29/2018,36.06,65.58,15.31,26.12,27.86,29.36,0.9,10.23,21.53,88
Delhi,8/30/2018,41.26,95.47,21.4,28.28,34.45,29.82,0.95,9.97,27.06,97
Delhi,8/31/2018,47.53,152.29,13.54,25.96,26.93,28.79,0.82,9.67,23.57,127
Delhi,09-01-2018,45.19,110.35,19.47,28.51,31.54,31.04,1.02,10.53,19.58,132
Delhi,09-02-2018,40.9,80.4,20.91,23.44,29.51,31.34,0.87,9.81,23.36,116
Delhi,09-03-2018,42.06,72.38,17.6,27.63,30,30.05,1.06,9.96,26.15,89
Delhi,09-04-2018,55.72,105.56,34.09,35.94,49.8,32.41,1.29,10.8,26.55,118
Delhi,09-05-2018,39.77,101.8,21.85,30.63,37.55,29.56,1.04,9.62,20.64,108
Delhi,09-06-2018,49.44,138.52,28.45,30.88,43.56,30.78,0.96,10.13,26.24,137
Delhi,09-07-2018,42.11,87.03,30.95,37.91,49.1,32.06,1.1,10.75,28.23,117
Delhi,09-08-2018,35.45,72.63,17.48,26.65,31.93,28.17,0.84,11.38,23.65,105
Delhi,09-09-2018,29.1,56.92,10.53,23.58,24.12,24.71,0.72,10.98,26.36,86
Delhi,09-10-2018,36.99,83.98,15.56,29.61,30.96,24.26,0.88,11.21,29.46,92
Delhi,09-11-2018,28.33,78.11,19,26,32,23.37,0.78,9.77,23.21,91
Delhi,09-12-2018,28.55,103.27,17.17,24.4,29.28,22.38,0.71,10.31,22.44,96
Delhi,9/13/2018,27.49,115.88,19.96,23.21,30.78,20.34,0.63,11.24,23.11,108
Delhi,9/14/2018,31.38,113.92,20.52,25.18,32.01,19.9,0.7,11.21,24.58,113
Delhi,9/15/2018,37.48,125.81,26.65,27.72,37.7,22.31,0.8,11.74,25.86,126
Delhi,9/16/2018,43.09,131.43,21.14,25.92,31.12,24.13,0.72,11.14,26.12,124
Delhi,9/17/2018,55.86,157.59,22.25,29.15,33.99,25.37,0.78,11.12,35.01,135
Delhi,9/18/2018,54.94,165.11,15,29.8,28.63,24.13,0.75,11.95,38.79,154
Delhi,9/19/2018,58.63,175.12,26.29,37.36,40.98,26.44,0.89,13.43,40.04,157
Delhi,9/20/2018,73.3,185.23,28.51,38.16,42.01,29.96,0.98,14.41,49.18,173
Delhi,9/21/2018,46.73,112.51,11.6,26.7,24.32,28.6,0.75,12.74,30.31,155
Delhi,9/22/2018,24.29,46.36,10.07,21.72,19.92,23.58,0.73,11.11,23.89,76
Delhi,9/23/2018,30.71,54.77,7.37,19.88,16.84,22.73,0.67,11.59,28.89,69
Delhi,9/24/2018,21.46,35.84,14.91,25.07,25.46,22.73,0.74,11.08,19.54,63
Delhi,9/25/2018,21.45,49.41,20.54,25.67,30.35,22.28,0.81,10.88,22.48,63
Delhi,9/26/2018,42.83,108.67,31.86,32.38,42.65,24.2,1.03,11.59,28.54,99
Delhi,9/27/2018,71.44,171.42,66.23,37.42,73.58,30.7,1.5,12.78,35.24,151
Delhi,9/28/2018,83.78,214.66,86.96,44.68,93.15,35.57,1.78,12.98,37.24,200
Delhi,9/29/2018,92.46,230.62,61.52,46.15,74.55,37.78,1.57,13.08,41.92,229
Delhi,9/30/2018,69.49,155.26,20.83,34.52,35.4,31.15,1,12.38,35.54,176
Delhi,10-01-2018,65.78,177.08,30.83,40.86,47.61,31.58,1.13,12.7,38.52,148
Delhi,10-02-2018,76.03,185.21,31.9,36.68,46.51,35.08,1.11,12.25,35.8,186
Delhi,10-03-2018,63.37,177.17,39.9,42.57,56.37,31.83,1.13,13.36,36.72,160
Delhi,10-04-2018,97.4,235.14,40.37,48.01,59.34,37.79,1.34,14.42,45.63,206
Delhi,10-05-2018,121.12,270.61,65.84,53.69,83.28,42.52,1.62,17.27,44.88,268
Delhi,10-06-2018,78.87,199.37,44.04,44.71,61.88,36.24,1.23,13.42,32.93,237
Delhi,10-07-2018,81.14,221.03,39.4,44.81,57.51,35.47,1.25,14.33,42.38,189
Delhi,10-08-2018,118.6,279.23,37.87,56.21,63,36.86,1.51,16.13,51.05,253
Delhi,10-09-2018,103.26,263.89,31.79,54.24,56.31,37.85,1.59,19.67,52.46,269
Delhi,10-10-2018,93.36,256.14,23.75,47.73,45.93,39.4,1.51,16.55,43.9,263
Delhi,10-11-2018,70.42,208.39,14.93,37.74,33.12,33.16,1.02,14.54,37.04,219
Delhi,10-12-2018,67.93,172.04,29.52,44.48,47.82,25.13,1.13,16.06,42.01,163
Delhi,10/13/2018,132.93,264.13,54.11,49.89,68.66,33.8,1.41,17.91,42,264
Delhi,10/14/2018,91.88,217.12,36.38,47.34,53.99,30.33,1.3,16.07,40.16,237
Delhi,10/15/2018,115.96,280.24,50.19,55.44,68.24,33.54,1.61,17.96,44.92,253
Delhi,10/16/2018,139.18,342.5,84.92,64.18,100.51,43.63,2.2,19.19,54.38,309
Delhi,10/17/2018,137.29,323.31,67.3,52.81,81.62,42.22,1.93,17.13,44.29,332
Delhi,10/18/2018,143.2,337.98,100.87,57.64,112.6,48.05,2.47,18.46,44.65,330
Delhi,10/19/2018,137.73,313.84,40.85,54.31,61.47,41.31,1.66,18.35,51.05,300
Delhi,10/20/2018,168.87,328.13,37.49,54.04,59.64,37.9,1.55,19.82,47.64,344
Delhi,10/21/2018,141.15,294.36,49.17,55.77,71.3,38.07,1.52,20.59,42.61,325
Delhi,10/22/2018,121.65,274.68,49.3,55.49,71.09,36.59,1.55,17.74,41.32,296
Delhi,10/23/2018,119.4,302.16,65.36,63.32,87.65,35,1.84,19.49,44.7,274
Delhi,10/24/2018,174.04,384.46,103.62,77.72,129.52,44.37,2.52,20.95,56.09,354
Delhi,10/25/2018,168.82,368.33,97.53,72.23,120.26,45.37,2.35,22.51,62.29,356
Delhi,10/26/2018,203.12,396.01,114.02,74.04,133.52,48.25,2.72,20.76,53.02,394
Delhi,10/27/2018,206.05,408.94,123.46,77.3,143.02,52.18,3.14,19.9,52.9,396
Delhi,10/28/2018,205,375.23,81.11,57.66,100.04,47.85,2.45,15.62,52.78,403
Delhi,10/29/2018,231.83,427.06,84.12,62.22,104.22,48.43,2.67,16.66,53.2,397
Delhi,10/30/2018,263.39,459.45,98.5,70.46,119.07,52.74,2.9,17.62,50.55,456
Delhi,10/31/2018,225.17,405.94,99.9,68.02,122.87,55.85,2.91,18.11,47.05,422
Delhi,11-01-2018,236.67,416.97,106.68,71.63,133.14,58.01,2.97,20.12,45.98,433
Delhi,11-02-2018,205.44,373.61,57.41,65.98,86.56,51.21,1.99,19.65,46.13,391
Delhi,11-03-2018,159.56,298.85,21.22,47.39,45.59,48.63,1.43,17.1,45.43,353
Delhi,11-04-2018,97.27,179.85,14.18,34.18,30.79,36.62,1,15.01,51.96,238
Delhi,11-05-2018,361.98,500.01,26.22,48.25,48.8,44.82,1.88,14.63,45,424
Delhi,11-06-2018,177.88,312.87,23.48,43.78,44.84,31.18,1.29,15.37,45.01,411
Delhi,11-07-2018,175.43,300.54,30.57,45.14,52.43,30.5,1.44,19.39,51.22,317
Delhi,11-08-2018,420.3,509.73,89.1,64.57,106.68,44.2,2.45,26.52,38.35,452
Delhi,11-09-2018,300.91,440.76,89.45,68.25,109.68,49.84,2.65,17.41,47.94,487
Delhi,11-10-2018,288.86,447.4,99.32,79.5,127.11,55.35,3.01,18.01,42.55,430
Delhi,11-11-2018,256.68,425.12,91.92,70.55,113.81,55.03,2.89,16.2,51.68,454
Delhi,11-12-2018,271.7,464.28,75.93,71.88,101.5,58.85,2.85,17.4,53.37,437
Delhi,11/13/2018,265.06,441.43,85.28,74.72,111.18,62.24,2.74,18.72,37.8,454
Delhi,11/14/2018,136.2,225.77,41.75,59.36,67.48,53,1.68,16.02,31.95,361
Delhi,11/15/2018,98.53,175.95,29.85,47.83,51.99,49.76,1.29,15.03,32.95,251
Delhi,11/16/2018,138.49,230.56,19.55,42.41,41.05,41.19,1.24,14.2,40.74,302
Delhi,11/17/2018,135.21,255.42,38.85,51.93,61.7,40.93,1.6,14.37,36.97,292
Delhi,11/18/2018,166.43,313.67,68.53,61.82,92.64,44.39,2,16.29,39.51,330
Delhi,11/19/2018,179.79,319.12,18.31,56.73,47.93,48.41,1.56,16.32,51.15,340
Delhi,11/20/2018,224.1,374.77,53.4,63.96,80.38,54.51,2.04,16.11,46.03,367
Delhi,11/21/2018,209.96,349.54,54.16,63.79,81.87,46.84,1.79,14.22,40.22,396
Delhi,11/22/2018,139.02,292.92,91.36,74.93,120.74,42.27,2.09,16.89,37.22,317
Delhi,11/23/2018,187.85,331.22,77.16,61.06,102.45,45.84,2.04,16.39,40.01,356
Delhi,11/24/2018,107.73,223.33,26.91,46.57,50.88,36.97,1.34,15.12,37.48,296
Delhi,11/25/2018,133.62,268.83,59.31,58.16,84.38,39.78,1.72,16.56,37.17,266
Delhi,11/26/2018,200.69,362.41,94.45,68.3,120.55,47.15,2.43,20.11,39.8,349
Delhi,11/27/2018,205.53,378.23,152,78.94,176.98,53.89,3.32,18.31,34.02,396
Delhi,11/28/2018,193.1,356.12,120.37,69.6,146.11,53.87,2.85,15.96,34.61,363
Delhi,11/29/2018,205.17,363.12,101.42,63.68,124.27,51.41,2.52,12.76,35.79,384
Delhi,11/30/2018,190.36,340.56,62.12,56.74,86.03,46.35,1.96,13.69,35.79,365
Delhi,12-01-2018,147.48,297.66,68.71,56.43,90.73,42.49,1.91,14.4,35.45,335
Delhi,12-02-2018,164.63,331.5,131.08,67.18,152.89,45.3,2.77,16.62,39.35,329
Delhi,12-03-2018,178.87,356.2,120.66,66.91,144.74,47.02,2.74,16.52,38.44,356
Delhi,12-04-2018,211.57,393.74,140.77,74.17,169.75,51.21,3.17,16.28,38.12,394
Delhi,12-05-2018,181.62,345.32,121.66,65.87,142.92,49.26,2.59,15.89,32.33,374
Delhi,12-06-2018,218.06,395.33,136.49,71.73,156.61,52.53,3.04,16.49,40.87,385
Delhi,12-07-2018,193.81,353.86,85.29,54.83,105.05,49.16,2.09,14.11,32.45,376
Delhi,12-08-2018,202.83,358.72,85.16,59.06,107.05,49.42,2.2,15.47,37.6,366
Delhi,12-09-2018,226.35,388.23,103.19,65.3,127.78,50.23,2.67,18.08,39.85,389
Delhi,12-10-2018,264.63,453.77,89.36,66.58,121.45,55.63,2.75,16.74,42.51,431
Delhi,12-11-2018,274.97,461.98,93.61,68.87,124.9,58.67,2.78,15.49,41.9,464
Delhi,12-12-2018,209.63,327.23,56.21,55.1,80.05,51.27,1.95,14.64,36.34,443
Delhi,12/13/2018,94.29,162.44,35.89,42.59,56.05,40.31,1.21,13.07,24.89,264
Delhi,12/14/2018,113.42,196.85,39.15,45.22,60.27,42.01,1.22,12.5,27.74,248
Delhi,12/15/2018,122.69,211.8,30.33,47.31,53.33,41.97,1.22,13.34,29.58,274
Delhi,12/16/2018,150.28,252.01,42.76,50.86,65.32,45.92,1.42,15.76,32.7,295
Delhi,12/17/2018,182.78,322.5,70.9,58.08,94.61,50.27,1.93,16.14,32.85,338
Delhi,12/18/2018,204.08,339.38,55.86,61.34,82.18,51.04,1.78,17.76,37.13,370
Delhi,12/19/2018,205.22,351.7,61.91,63.77,89.2,48.82,1.92,17.41,37.05,370
Delhi,12/20/2018,258.1,429.33,114.21,68.97,139.08,54.66,2.64,17.68,40.5,423
Delhi,12/21/2018,252.2,403.18,74.98,66.03,103.06,57.91,2.22,15.9,38.38,422
Delhi,12/22/2018,326.79,502.83,85.55,78.71,117.64,60.21,2.59,18.47,44.98,468
Delhi,12/23/2018,401.58,560.68,112.95,77.63,145.67,67.29,3.36,18.21,50.65,557
Delhi,12/24/2018,378.68,546.59,123.73,75.26,152.77,65.75,3.36,17.86,43.25,577
Delhi,12/25/2018,268.2,399.37,45.37,61.2,74.6,57.34,1.9,14.14,36.37,475
Delhi,12/26/2018,241,366.1,59.69,65.2,89.51,50.38,1.99,15.37,39.09,405
Delhi,12/27/2018,290.1,453.45,110.91,78.43,143.91,56.6,2.87,18.03,40.96,458
Delhi,12/28/2018,249.23,387.84,39.19,60.59,68.5,55.46,1.66,14.8,37.38,413
Delhi,12/29/2018,248.12,399.14,74.28,64.97,102,51.53,1.96,16.49,39.29,420
Delhi,12/30/2018,336.42,503.99,127.84,76.89,157.78,57.55,2.94,19.91,42.87,484
Delhi,12/31/2018,319.69,494.51,105.28,70.54,133.87,56,2.7,17.38,41.44,509
Delhi,01-01-2019,287.34,461.02,92.04,69.46,121.07,56.66,2.54,17.77,39.58,475
Delhi,01-02-2019,331.2,515.72,101.08,75.06,133.85,63.63,2.78,18.27,43.3,501
Delhi,01-03-2019,355.4,519.34,77.92,66.2,106.99,61.02,2.55,15.12,39.77,537
Delhi,01-04-2019,246.46,388.79,47.83,57.53,74.39,53.09,2.01,13.22,28.75,432
Delhi,01-05-2019,262.53,411.49,64.97,60.35,90.67,56.49,2.23,15.59,36.33,440
Delhi,01-06-2019,174.26,254.66,28.3,51.94,54.18,55.71,1.49,13.65,31.48,371
Delhi,01-07-2019,181.74,283.88,49,52.45,72.14,56.06,1.57,15.49,27.11,331
Delhi,01-08-2019,156.26,242.02,31.32,48.95,54.76,49.69,1.31,14.67,27.37,340
Delhi,01-09-2019,143.66,238.94,26.14,49.49,50.88,43.53,1.3,15.09,30.9,321
Delhi,01-10-2019,165.95,278.87,54.31,58.22,80.36,44.67,1.75,16.81,30.92,317
Delhi,01-11-2019,278.95,432.2,118.55,76.71,151.4,56.53,2.9,20.03,35.61,401
Delhi,01-12-2019,311.03,465.89,117.23,85.14,148.93,63.46,3.11,17.81,39.78,482
Delhi,1/13/2019,272.45,403.32,64.96,66.11,94.9,63.66,2.36,17.83,37.53,464
Delhi,1/14/2019,94.44,173.94,18.5,42.16,40.87,40.52,1.04,15.05,31.33,320
Delhi,1/15/2019,134.57,229.1,36.34,52.45,61.72,39.74,1.37,17.09,29.85,248
Delhi,1/16/2019,271.96,424.07,108.12,83.75,142.71,55.19,2.58,20.35,33.75,383
Delhi,1/17/2019,358.91,519.49,108.96,84.74,147.7,60.95,3.13,19.63,39.76,515
Delhi,1/18/2019,237.22,364.61,56.97,68.58,88.33,48.6,2.06,14.7,30.35,437
Delhi,1/19/2019,262.68,402.21,100.7,77.9,133.24,50.3,2.35,18.07,34.75,411
Delhi,1/20/2019,314.59,478.43,158.63,106.04,195.81,62.37,3.66,20.98,45.03,480
Delhi,1/21/2019,175.49,289.4,58.34,63.04,85.11,57.52,1.83,16.82,32.77,413
Delhi,1/22/2019,53.25,72.61,14.1,38.56,34.22,39.73,1.01,11.87,27.01,174
Delhi,1/23/2019,135.68,211.71,55.53,48.14,76.5,42.37,1.62,14.17,26.51,186
Delhi,1/24/2019,130.59,218.93,37.42,44.11,58.86,41.06,1.44,15.29,30.57,328
Delhi,1/25/2019,81.2,136.43,16.96,40.03,38.45,34.17,1.01,14.62,30.01,188
Delhi,1/26/2019,101.61,169.32,15.3,38.43,35.94,33.64,0.98,14.48,35.41,231
Delhi,1/27/2019,136.47,217.45,19.78,45.27,42.16,35.34,1.1,15.89,33.34,275
Delhi,1/28/2019,126.48,212.42,22.97,49.13,46.7,34.49,1.06,15.76,33.6,301
Delhi,1/29/2019,142,235.85,33.51,51.47,58.67,36.19,1.24,18.56,33.83,297
Delhi,1/30/2019,206.14,334.21,61.02,63.7,89.54,42.99,1.76,24.75,35.84,342
Delhi,1/31/2019,204.25,335.07,72.47,65.7,101.46,49.6,1.9,20.48,37.52,397
Delhi,02-01-2019,178.68,265.65,23.24,50.75,48.72,49.42,1.34,17.83,33.12,329
Delhi,02-02-2019,177.32,266.3,17.57,35.89,35.82,43.55,1.24,11.55,30.88,338
Delhi,02-03-2019,131.1,209.41,20.77,34.53,37.93,40.43,1.32,11.7,29.44,323
Delhi,02-04-2019,144.62,248.49,53.8,52.85,76.95,39.88,1.81,14.06,33.42,301
Delhi,02-05-2019,256.33,408.32,122.8,75.89,153.6,53.81,2.95,22.38,46.33,398
Delhi,02-06-2019,177.25,270.92,39.1,50.55,62.85,53.76,1.64,15.59,34.4,380
Delhi,02-07-2019,65.65,107.83,12.05,30.8,27.94,37.84,0.84,11.12,30.25,233
Delhi,02-08-2019,72.29,156.6,31.23,39.24,49.45,29.11,0.94,12.66,30.59,136
Delhi,02-09-2019,82.5,165.94,22.67,38.31,41.45,28.42,0.96,13.25,33.55,169
Delhi,02-10-2019,143.31,255.47,47.91,49.26,69.38,33.83,1.36,16.41,33.03,277
Delhi,02-11-2019,173.61,304.98,72.35,58.56,95.55,39.17,1.78,17.52,37.03,332
Delhi,02-12-2019,208.64,357.36,74.17,66.37,101.01,46.24,2.09,19.93,43.29,357
Delhi,2/13/2019,198.26,336.99,65.24,70.04,96.09,47.95,1.94,18.61,43.36,372
Delhi,2/14/2019,153.73,237.08,27.78,53.15,54.06,45.64,1.42,14.53,32.61,350
Delhi,2/15/2019,123.46,194.76,25.13,44.28,45.94,39.19,1.22,15.38,28.15,275
Delhi,2/16/2019,112.34,181.64,17.27,33.33,33.34,35.16,1.13,12.92,26.45,288
Delhi,2/17/2019,99.27,180.93,23.24,42.59,41.77,31.82,1.09,15.14,34.81,247
Delhi,2/18/2019,109.11,215.05,32.98,56.12,56.8,33.82,1.18,16.78,33.69,278
Delhi,2/19/2019,126.12,229.75,40.67,55.44,65.95,41.33,1.56,15.93,36.66,232
Delhi,2/20/2019,102.3,185.4,38.46,51.88,63.41,41.41,1.4,17.16,23.68,305
Delhi,2/21/2019,73.33,178.07,46.44,47.15,67.04,38.24,1.37,20.1,34.41,158
Delhi,2/22/2019,73.9,147.86,25.55,33.95,41.61,39.11,1.07,13.94,28.45,191
Delhi,2/23/2019,56.51,115.07,11.62,36.12,30.5,26.26,0.85,15.66,37.26,116
Delhi,2/24/2019,89.34,161.89,19.34,46.26,42.89,29.95,1.03,18.99,38.02,169
Delhi,2/25/2019,92.36,172.59,35.85,53.86,62,34.51,1.24,18.07,42.49,221
Delhi,2/26/2019,59.97,120.3,24.36,50.31,48.45,32.19,0.95,16.88,32.19,144
Delhi,2/27/2019,47.18,91.52,14.25,35.07,33.41,26.57,0.79,12.52,31.38,112
Delhi,2/28/2019,96.38,180.46,40.92,45.02,60.89,31.23,1.25,16.98,35.95,198
Delhi,03-01-2019,93.83,181.26,37.55,48.87,60.61,30.2,1.17,15.81,37.75,222
Delhi,03-02-2019,109.6,182.54,40.68,62.05,70.66,36.48,1.36,17.96,25.07,227
Delhi,03-03-2019,62.92,105.16,20.21,40.61,41.09,30.98,1.16,13.48,33.59,172
Delhi,03-04-2019,105.93,180.84,49.62,40.1,67.55,37.26,1.54,14.75,38.13,217
Delhi,03-05-2019,68.86,135.4,18.77,40.05,37.94,28.71,1.01,14.26,36.3,173
Delhi,03-06-2019,83.45,168.32,32.02,45.3,53.83,29.05,1.25,15.16,33.71,189
Delhi,03-07-2019,104.61,212.7,55.04,51.9,78.33,32.79,1.48,16.39,39.32,228
Delhi,03-08-2019,92.07,199.28,38.94,51.75,63.98,32.86,1.27,17.44,37.86,220
Delhi,03-09-2019,73.31,162.18,20.1,40.84,41.64,30.68,0.99,17.3,33.51,194
Delhi,03-10-2019,73.98,163.8,20.28,44.17,43.2,27.17,0.96,16.36,44.11,157
Delhi,03-11-2019,82.17,205.43,27.71,52.91,53.94,30.69,1.24,18.44,42.09,190
Delhi,03-12-2019,57.28,129.4,14.64,37.45,34.98,29.97,0.93,13.82,37.15,149
Delhi,3/13/2019,89.17,231.19,31,57.03,59.86,32.39,1.27,22.48,33.94,168
Delhi,3/14/2019,111.2,217.74,45.43,48.81,69.01,39.07,1.36,17.54,28.81,281
Delhi,3/15/2019,74.88,144.35,30.36,41.27,50.74,32.74,1,16.21,33.4,183
Delhi,3/16/2019,68.64,140.6,15.28,40.6,37.43,27.95,0.92,15.72,43.66,143
Delhi,3/17/2019,93.61,184.01,26.28,46.88,50.26,30.56,1.07,19.96,42,198
Delhi,3/18/2019,100.32,202.01,30.43,50.33,56.61,32.06,1.19,20.36,43.21,221
Delhi,3/19/2019,103.77,227.07,43.9,55.47,71.06,33.86,1.29,20.72,40.14,239
Delhi,3/20/2019,89.82,237.61,37.34,54.67,64.3,36.5,1.35,21.42,40.41,234
Delhi,3/21/2019,112.29,197.17,20.46,34.63,37.11,39.26,1.34,19.99,46.64,272
Delhi,3/22/2019,38.43,119.87,13.54,32.19,28.73,27.85,0.74,16.06,46.73,141
Delhi,3/23/2019,55.62,138.56,8.76,34.57,27.32,26.54,0.89,17.52,52.24,131
Delhi,3/24/2019,53.28,133.47,12.55,34.25,30.81,27.52,0.82,19.06,42.57,126
Delhi,3/25/2019,65,150.34,11.9,34.84,30.48,30.32,0.93,20.19,36.06,136
Delhi,3/26/2019,75.82,169.16,16.61,40.8,37.75,29.95,1.04,19.26,41.35,162
Delhi,3/27/2019,78.37,186.49,26.56,49.68,50.71,29.54,1.22,20.35,43.23,177
Delhi,3/28/2019,116.55,260.26,55.47,60.18,81.85,34.47,1.76,24.86,48.44,245
Delhi,3/29/2019,112.67,257.27,62.67,60.4,89.35,40.53,1.8,19.52,46.51,273
Delhi,3/30/2019,102.27,238.99,38.68,53.75,64.31,41.4,1.51,22.39,51.49,252
Delhi,3/31/2019,58.96,177.53,15.14,38.42,35.27,32.06,0.94,18.9,48.72,198
Delhi,04-01-2019,59.08,170.14,11.3,38.55,32.02,27.21,0.88,20.09,54.95,153
Delhi,04-02-2019,90.1,211.47,29.38,55.76,57.47,29.3,1.19,24.4,54.67,194
Delhi,04-03-2019,85.02,206.04,30.83,54.91,58.01,30.85,1.32,21.6,51.06,208
Delhi,04-04-2019,119.71,270.77,53.23,63.62,81.06,37.04,1.8,29.11,60.25,260
Delhi,04-05-2019,125.44,281.53,61.96,64.7,90.76,41.23,1.96,28.67,57,284
Delhi,04-06-2019,96.6,303.71,29.62,48.72,53.28,37.35,1.32,23.23,50.84,269
Delhi,04-07-2019,152.91,355.22,31.7,44.64,52.96,52.01,1.49,21.35,53.16,315
Delhi,04-08-2019,81.3,280.23,24.07,45.87,47.31,41,1.06,15.1,51.32,284
Delhi,04-09-2019,87.74,225.5,33.85,53.88,60.44,38.26,1.44,22.03,57.86,240
Delhi,04-10-2019,101.94,247.53,55.11,56.82,80.11,40.97,1.76,20.84,50.86,263
Delhi,04-11-2019,70.25,204.19,29.03,47.54,53.99,34.96,1.21,21.51,48.59,196
Delhi,04-12-2019,61.34,217,19.27,40.09,40.63,34.06,1.12,19.48,51.94,202
Delhi,4/13/2019,55.93,175.93,15.35,37.89,35.19,33.66,1.06,20.82,45.3,175
Delhi,4/14/2019,51.51,168.11,15.19,36.61,34.28,29.84,1.02,20.65,41.86,150
Delhi,4/15/2019,54.84,187.59,29.69,41.92,50.81,29.21,1.28,22.2,42.3,163
Delhi,4/16/2019,59.08,186.75,17.1,35.01,35.08,30.98,1.1,12.59,47.49,206
Delhi,4/17/2019,22.14,62.49,9.73,26.84,23.56,26.7,0.9,11.1,45.44,102
Delhi,4/18/2019,38.92,91.55,15.97,39.07,35.02,26.28,1.01,15.05,50.12,104
Delhi,4/19/2019,71.62,155.39,26.94,47.56,49.15,29.85,1.24,21.22,45.45,151
Delhi,4/20/2019,90.55,193.76,30.3,55.28,56.28,29.35,1.42,26.03,55.67,199
Delhi,4/21/2019,95.24,219.06,44.24,58.95,69.32,31.53,1.66,22.16,50.13,225
Delhi,4/22/2019,110.16,255.31,48.31,61.72,74.42,36.99,1.87,29.31,56.24,246
Delhi,4/23/2019,104.17,277.28,56.94,63.45,83.46,38.2,1.92,25.76,53.24,257
Delhi,4/24/2019,85.7,262.58,12.55,51.58,39.67,37.64,1.41,19.17,61.45,232
Delhi,4/25/2019,86.41,274.39,9.48,39.89,30.31,40.86,1.31,17.67,65.26,251
Delhi,4/26/2019,82.37,244.21,30.38,50.69,52.86,32.2,1.34,26.12,47.45,223
Delhi,4/27/2019,73.06,301.82,15.19,39.8,34.4,28.15,1.05,21.85,52.16,248
Delhi,4/28/2019,76.44,285.73,17.66,40.9,35.31,25.63,1.06,20.02,54,269
Delhi,4/29/2019,84.04,274.83,33.17,52.04,53.91,27.82,1.33,23.71,50.32,256
Delhi,4/30/2019,95.72,284.13,32.91,59.32,57.61,31.91,1.62,26.58,57.54,257
Delhi,05-01-2019,111.57,323.97,35.18,63.15,58.94,36.73,1.61,27.67,65.95,285
Delhi,05-02-2019,77.72,282.83,20.46,43.19,36.46,36.44,1.19,18.26,65.33,275
Delhi,05-03-2019,52.16,149.1,25.52,49.82,43.92,32.34,1.09,17.91,64.36,202
Delhi,05-04-2019,77.96,196.87,38.81,59.78,54.6,30.39,1.26,18.19,46.34,182
Delhi,05-05-2019,101.25,249.97,39.94,55.16,57.99,22.41,1.51,21.93,52.97,231
Delhi,05-06-2019,118.9,295.84,62.99,70.81,84.3,31.51,1.93,23.72,55.91,267
Delhi,05-07-2019,128.78,378.89,79.63,69.77,103.77,35.25,1.98,22.77,40.32,310
Delhi,05-08-2019,143.34,415.23,77.12,60.85,100.34,35.57,2,25.84,47.34,389
Delhi,05-09-2019,137.2,414.7,34.13,51.13,57.35,30.33,1.52,23.46,50.71,390
Delhi,05-10-2019,95.07,320.44,16,38.05,34.62,25.68,1.03,17.6,52.66,333
Delhi,05-11-2019,101.83,289.05,14.21,42.02,35.69,30.12,1.15,21.6,62.02,266
Delhi,05-12-2019,178.22,503.28,12.49,40.68,33.4,29.53,1.22,19.36,57.85,352
Delhi,5/13/2019,170.81,351.28,19.85,50.88,44.98,36.48,1.51,33.5,67.84,376
Delhi,5/14/2019,58.22,124.28,11.9,37.53,30.36,33.9,1.02,13.4,54.85,217
Delhi,5/15/2019,84.81,191.04,31.89,57.75,59.46,43.8,1.52,20.93,41.85,194
Delhi,5/16/2019,75.45,218.38,26.79,50.99,51.51,44.72,1.38,15.36,46.97,192
Delhi,5/17/2019,92.53,316.4,33.84,45.67,54.56,41.4,1.31,13.26,46.42,257
Delhi,5/18/2019,44.28,106.51,11.87,33.79,29.15,39.74,1.04,10.93,45.46,176
Delhi,5/19/2019,81.99,162.83,17.04,45.8,40.46,35.4,1.21,17.36,59.34,168
Delhi,5/20/2019,93.97,218.72,34.09,56.55,61.22,35.13,1.35,19.81,53.31,216
Delhi,5/21/2019,77.78,194.58,20.21,47.58,44.25,32.12,1.21,20.15,55.06,206
Delhi,5/22/2019,64.24,201.27,32.04,51.8,57.11,32.83,1.5,16.92,38.34,167
Delhi,5/23/2019,92.4,230,36.6,52.71,60.95,36.98,1.49,21.68,55.29,228
Delhi,5/24/2019,43.86,117.66,20.82,40.33,40.59,45.86,1.21,11.99,31.11,151
Delhi,5/25/2019,43.66,118.65,11.83,34.52,29.66,33.81,0.99,13.09,51.47,125
Delhi,5/26/2019,55.13,136.58,13.32,41.51,34.89,27.2,1.06,17.94,59.94,135
Delhi,5/27/2019,64.66,172.68,26.16,53.92,53.14,28.45,1.28,18.9,53.59,163
Delhi,5/28/2019,65.82,183.77,37.41,61.45,66.06,29.84,1.3,20.59,54.43,175
Delhi,5/29/2019,74.8,202.75,34.62,65.84,68.16,29.53,1.45,23.61,57.99,191
Delhi,5/30/2019,85.21,246.05,69.58,71.8,97.8,33.5,1.75,21.99,49.58,226
Delhi,5/31/2019,88.57,337.77,44.18,56.83,69,34.26,1.47,19.82,58.49,266
Delhi,06-01-2019,95.4,298.35,45.28,57.24,69.74,40.73,1.56,21.54,64.56,300
Delhi,06-02-2019,73.36,219.79,10.15,32.22,26.31,48.12,1.07,14.15,60.84,222
Delhi,06-03-2019,66.94,300.7,11.7,30.33,26.82,43.32,1.03,12.64,60.03,232
Delhi,06-04-2019,54.95,171.58,14.93,36,32.65,34.34,1.14,13.67,65.82,212
Delhi,06-05-2019,73.35,208.72,14.43,42.68,36.36,35.7,1.29,15.82,59.78,190
Delhi,06-06-2019,70.61,236.45,20.85,44.85,42.88,35.27,1.13,16.15,61.04,209
Delhi,06-07-2019,54.81,152.39,14.19,35.32,32.74,32.37,1.11,14.44,74.12,192
Delhi,06-08-2019,69.75,187.62,23.42,51,50.16,38.84,1.47,13.47,63.64,184
Delhi,06-09-2019,101.05,265.12,57.24,62.84,85.14,35.74,1.86,21.74,69.14,237
Delhi,06-10-2019,74.48,233.49,47.15,61.53,76.01,36.64,1.63,15.19,55.95,230
Delhi,06-11-2019,118.38,487.77,44.64,49.86,65.68,32.16,1.41,13.52,39.96,315
Delhi,06-12-2019,59.86,240.88,16.55,30.46,30.61,34.98,0.92,11.57,62.12,280
Delhi,6/13/2019,52.66,189.69,13.33,34.53,31.46,30,1.03,11.79,52.93,189
Delhi,6/14/2019,53.79,188.21,18.67,37.07,37.54,23.77,1.07,12.89,59.31,167
Delhi,6/15/2019,81.86,274.68,26.39,47.15,49.69,23.84,1.18,17.56,57.41,217
Delhi,6/16/2019,42.06,160.96,11.58,20.56,21.83,24.86,0.8,9.54,46.81,205
Delhi,6/17/2019,40.18,137.08,13.34,27.51,26.75,26.8,0.89,11.07,40.56,126
Delhi,6/18/2019,30.39,84.53,15.97,32.32,31.79,25.6,1.03,8,48.99,119
Delhi,6/19/2019,79.96,223.08,17.37,37.14,36.51,35.53,1.12,12.69,61.02,173
Delhi,6/20/2019,42.76,130.88,10.57,31.19,26.95,29.5,0.92,9.7,68.57,175
Delhi,6/21/2019,71.15,188.16,13.56,44.78,37.67,32.14,1.22,12.23,59.68,178
Delhi,6/22/2019,68.27,177.16,12.77,44.12,37.1,32.1,1.11,14.97,69.18,185
Delhi,6/23/2019,42.06,126.12,6.64,23.02,19.84,31.36,0.95,10.11,57.33,153
Delhi,6/24/2019,26.29,85.68,9.51,25.93,22.57,28.84,0.92,10.74,37.78,118
Delhi,6/25/2019,53.65,119.98,11.18,32.24,29.27,28.87,1.07,11.91,54.02,131
Delhi,6/26/2019,67.36,155.9,15.67,37.39,34.44,30.64,1.16,12.87,46.26,161
Delhi,6/27/2019,65.3,230.98,17.87,39.94,38.24,29.35,1.16,13.46,46.84,169
Delhi,6/28/2019,61.21,239.15,19.71,38.37,37.84,27.53,1.02,14.43,38.39,207
Delhi,6/29/2019,58.08,271.27,16.84,34.56,35.19,23.72,0.93,11.99,37.99,223
Delhi,6/30/2019,65.24,270.03,22.46,33.03,39.12,25.87,1.04,12.82,44.4,234
Delhi,07-01-2019,57.27,189.32,10.44,31.09,27.68,26.07,0.94,12.22,58,195
Delhi,07-02-2019,71.68,233.25,7.78,28.13,23.43,27.24,0.99,12.02,64.82,202
Delhi,07-03-2019,39.99,113.92,7.3,26.57,21.33,33.05,0.99,9.75,42.31,162
Delhi,07-04-2019,36.82,87.8,12.82,29.23,27,28.65,1.11,9.75,28.2,111
Delhi,07-05-2019,48.6,99.98,18.04,34.77,34.24,37.63,1.2,11.05,22.68,113
Delhi,07-06-2019,34.25,87.5,12.04,29.91,26.12,36.77,1,10.18,33.71,99
Delhi,07-07-2019,38.81,91.79,11.02,28.87,25.63,32.3,1.08,10.67,38.66,101
Delhi,07-08-2019,49.12,148.79,12.56,32.85,28.57,33.43,1.15,10.64,35.11,129
Delhi,07-09-2019,42.56,128.6,11.93,30.38,26.68,32.19,1.11,9.52,25.75,131
Delhi,07-10-2019,69.21,278.71,13.97,31.36,29.11,33.73,1.04,10.41,28.65,150
Delhi,07-11-2019,76.99,352.26,15,29.87,29.36,32.06,0.97,9.64,29.84,300
Delhi,07-12-2019,76.35,363.7,14,26.97,27.19,33.13,1.05,8.96,28.38,294
Delhi,7/13/2019,63.18,294.27,11.09,23.13,22.98,28.61,0.97,9.11,30.81,312
Delhi,7/14/2019,63.16,280.99,11.36,25.1,24.71,26.67,0.95,9.85,32.77,243
Delhi,7/15/2019,42.04,137.67,11.57,27.17,26.07,25.07,1.09,10.39,27.23,180
Delhi,7/16/2019,31.51,79.22,8.59,27.54,23.74,26.39,1.05,9.64,30.05,117
Delhi,7/17/2019,32.06,67.73,11.08,28.44,26.68,25.91,1.03,8.91,31.48,92
Delhi,7/18/2019,32.92,78.08,19.36,37.14,37.88,26.54,1.24,8.86,30.75,98
Delhi,7/19/2019,63.02,158.3,29.13,40.79,49.35,30.83,1.41,9.95,49.9,142
Delhi,7/20/2019,46.43,117.84,14.59,37.1,34.22,34.1,1.15,8.6,29.1,137
Delhi,7/21/2019,50.57,105.55,23.14,33.89,40.01,37.02,1.39,8.83,32.04,123
Delhi,7/22/2019,60.38,119.66,31.57,33.03,45.91,43.72,1.55,8.95,34.79,124
Delhi,7/23/2019,73.08,153.96,26.12,39.89,46.01,45.51,1.61,9.05,40.16,156
Delhi,7/24/2019,63.26,156.93,22.05,40.29,42.88,44.36,1.41,8.83,33.1,165
Delhi,7/25/2019,22.79,63.51,16.78,33.52,33.55,37.17,0.94,8.76,22.78,98
Delhi,7/26/2019,30.63,61.26,13.26,31.61,29.95,36.06,0.99,8.92,27.72,94
Delhi,7/27/2019,26.16,45.04,11.98,25.34,25.46,30.26,1,8.67,29.54,85
Delhi,7/28/2019,21.13,46.35,9.12,21.89,21.22,28.65,0.89,8.43,30.62,83
Delhi,7/29/2019,24.45,64.17,10.8,25.11,24.31,31.27,0.92,8.97,29.78,82
Delhi,7/30/2019,30.1,82.81,10.37,26.92,25.19,33.49,0.97,9.36,27.42,90
Delhi,7/31/2019,30.22,76.67,10.23,26.45,24.98,33.79,0.93,8.78,31.25,90
Delhi,08-01-2019,34.26,85.89,10.07,28.4,26.51,33.55,0.94,8.79,32.51,98
Delhi,08-02-2019,35.06,83.66,11.86,30.96,29.14,32.66,1.03,8.45,29.29,95
Delhi,08-03-2019,38.54,80.35,16.87,31,33.32,35.33,1.07,9.43,27.74,104
Delhi,08-04-2019,46.69,88.15,17.79,30.9,34.32,34.25,1.13,9.96,27.25,101
Delhi,08-05-2019,52.2,104.96,20.62,34.64,38.54,37.17,1.24,9.37,28.66,108
Delhi,08-06-2019,30.04,57.31,19.57,34.68,37.25,42.32,1.14,8.26,22.91,99
Delhi,08-07-2019,32.63,72.98,22.98,31.82,38.88,33.65,1.22,9.81,29.87,104
Delhi,08-08-2019,27.69,80.22,15.06,28.9,30.82,30.9,1.01,10.61,30.92,99
Delhi,08-09-2019,14.59,61.47,9.54,22.08,21.86,28.01,0.86,9.3,26.17,89
Delhi,08-10-2019,16.73,47.75,9.02,22.06,21.47,24.4,0.87,8.47,25.43,75
Delhi,08-11-2019,25.53,67.15,11.45,25.93,25.93,25.93,0.96,8.65,26.21,83
Delhi,08-12-2019,20.53,51.91,13.19,26.18,27.51,24.89,1.02,8.14,21.46,80
Delhi,8/13/2019,21.68,56.18,17.85,27.12,32.07,29.25,1.1,8.37,20.73,85
Delhi,8/14/2019,33.21,58.36,16.96,31.9,33.85,29.08,1.19,8.5,31.43,93
Delhi,8/15/2019,28.78,56.28,18.56,25.03,32.56,31.29,1.04,8.51,23.58,93
Delhi,8/16/2019,15.52,37.1,13.71,21.51,26.32,27.58,0.87,8.61,23.59,73
Delhi,8/17/2019,10.24,19.51,14.08,19.1,24.77,25.82,0.81,7.67,16.51,67
Delhi,8/18/2019,15.51,30.45,17.56,20.93,25.39,23.25,0.98,8.57,18.03,66
Delhi,8/19/2019,38.55,86.13,26.99,28.59,38.82,25.62,1.31,8.6,28.06,99
Delhi,8/20/2019,41.74,95.71,19.92,26.86,31.87,33.03,1.23,8.12,28.41,103
Delhi,8/21/2019,46.69,129.46,15.16,32.68,32.26,34.19,1.14,7.81,31.18,107
Delhi,8/22/2019,44.16,130.49,23.36,42.21,44.39,34.28,1.21,8.41,25.95,125
Delhi,8/23/2019,50.49,142.76,37.04,40.32,54.52,36.4,1.3,8.36,28.57,130
Delhi,8/24/2019,60.71,149.82,41.65,41.76,59.19,41.36,1.47,8.78,28.17,149
Delhi,8/25/2019,33.49,67.82,11.09,31.71,27.89,34.91,0.93,8.23,24.22,107
Delhi,8/26/2019,25.06,68.59,15.89,31.6,31.88,29.89,0.99,8.55,24.07,77
Delhi,8/27/2019,40.68,107.99,21.99,34.48,39.32,31.99,1.17,10.01,36.98,114
Delhi,8/28/2019,42.04,103.01,19.01,34.62,37.1,34.95,1.07,9.64,34.34,119
Delhi,8/29/2019,33.92,90.29,11.52,30.6,27.72,32.6,0.93,8.24,30.97,103
Delhi,8/30/2019,43.5,105.68,12.89,32.44,30.15,33.69,1.02,9.33,39.25,110
Delhi,8/31/2019,57.16,123.23,18.34,40.79,40.39,38.62,1.41,9.14,33.71,123
Delhi,09-01-2019,35.13,81.44,12.03,32.08,29.57,41.15,1.11,8.41,31.24,123
Delhi,09-02-2019,46.15,101.79,10.33,31.91,27.85,36.31,1.07,8.81,39.18,105
Delhi,09-03-2019,70.64,143.56,13.02,36.51,32.78,36.34,1.21,8.95,32.5,131
Delhi,09-04-2019,73.33,150.39,10.62,36.99,30.78,37.13,1.22,9.03,36.13,165
Delhi,09-05-2019,33.9,90.44,9.99,29.09,25.41,33.31,0.97,9.25,28.87,118
Delhi,09-06-2019,35.81,89.47,12.15,30.05,27.49,34.35,0.99,10.9,27.22,96
Delhi,09-07-2019,34.98,83.26,14.46,30.9,30.5,30.75,1,8.17,24.58,95
Delhi,09-08-2019,32.83,77.01,10.61,26.84,24.75,32.14,0.9,8.72,32.4,99
Delhi,09-09-2019,56.31,126.43,13.78,30.47,29.46,30.37,1,8.45,30.84,107
Delhi,09-10-2019,64.48,144.47,16.24,34.12,34.48,29.2,1.07,9.49,40.53,139
Delhi,09-11-2019,79.6,174.33,15.86,39.69,37.15,31.57,1.15,9.54,48.95,166
Delhi,09-12-2019,57.83,132.61,9.71,34.01,28.38,30.72,0.99,8.91,32.08,158
Delhi,9/13/2019,33.59,83.22,9.52,29.75,25.5,28.56,0.88,8.16,27.33,103
Delhi,9/14/2019,26.65,69.36,7.91,26.05,21.91,25.04,0.77,8.48,28.64,85
Delhi,9/15/2019,35.52,72.61,10.34,27.77,24.91,24.48,0.91,8.55,28.58,83
Delhi,9/16/2019,56.6,129.47,19.02,36.18,37.24,26.11,1.13,8.35,35.4,111
Delhi,9/17/2019,59.14,135.84,14.08,38.18,34.26,27.51,1.12,8.64,41.22,143
Delhi,9/18/2019,35.41,97.32,7.76,31.3,25.04,25.54,0.86,9.46,37.19,117
Delhi,9/19/2019,21.74,62.19,7.22,24.15,20.35,22.6,0.78,9.29,27.34,80
Delhi,9/20/2019,40.33,106.47,13.55,31.73,30.32,24.91,0.95,10.81,29.76,96
Delhi,9/21/2019,39.23,96.29,17.26,31.43,32.82,24.45,0.99,9.63,28.51,112
Delhi,9/22/2019,26.51,65.65,17.88,30.66,33.12,26.2,0.91,9.32,21.15,86
Delhi,9/23/2019,34.46,83.33,11.33,30.02,27.61,25.37,0.93,9.9,30.49,89
Delhi,9/24/2019,35.88,96.22,16.67,34.98,34.14,25.61,0.98,9.19,28.92,103
Delhi,9/25/2019,30.52,86.31,11.53,29.99,27.25,24.88,0.9,8.94,28.53,100
Delhi,9/26/2019,22.9,69.49,12.62,27.25,26.71,24.04,0.83,10.43,24.16,87
Delhi,9/27/2019,15.66,56.71,9.94,24.52,22.68,22.32,0.78,10.3,23.54,78
Delhi,9/28/2019,22.52,66.98,11.93,26.18,25.22,21.94,0.77,10.01,22.22,78
Delhi,9/29/2019,16.91,51.03,8.13,22.84,19.7,21.99,0.74,8.85,22.84,68
Delhi,9/30/2019,29.42,81.97,12.1,27.89,26.39,22.01,0.92,8.22,26.67,75
Delhi,10-01-2019,33.92,92.41,12.82,28,26.89,23.99,0.96,8.5,26.15,98
Delhi,10-02-2019,40.16,96.13,17.97,29.72,32.24,24.63,1.05,8.95,34.94,105
Delhi,10-03-2019,57.99,143.97,30.13,36.77,46.78,27.17,1.25,10.42,44.29,140
Delhi,10-04-2019,43.07,94.9,17.87,34.07,35.15,26.21,0.99,8.34,32.54,113
Delhi,10-05-2019,39.48,108.22,20.52,33.82,36.22,23.56,1.03,8.08,32.66,108
Delhi,10-06-2019,58.75,140.15,18.29,36.98,37.52,26.89,0.99,8.62,40.18,127
Delhi,10-07-2019,55.88,137.81,13.36,33.46,31.6,26.98,0.91,8.25,36.23,133
Delhi,10-08-2019,44.85,116.56,17.58,33.4,34.71,23.12,0.85,8.91,38.81,123
Delhi,10-09-2019,77.02,182.89,40.81,45.5,58.38,25.59,1.37,11.9,51.37,165
Delhi,10-10-2019,100.82,215.18,34.75,50.32,54.51,29.71,1.34,13.83,53.51,208
Delhi,10-11-2019,98.07,203.36,35.13,48.05,53.08,31.79,1.37,11.02,47.07,243
Delhi,10-12-2019,103.45,209.42,35.55,48.54,53.06,33.54,1.44,11.26,44.45,235
Delhi,10/13/2019,132.57,255.42,43.72,51.27,63.23,34.93,1.65,12.75,44.55,282
Delhi,10/14/2019,116.33,239.47,52.78,50.83,68.23,34.7,1.73,11.46,43.59,285
Delhi,10/15/2019,133.35,285.26,67.74,58.61,86.5,36.03,2.18,13.31,53.79,291
Delhi,10/16/2019,146.37,279.78,39,53.03,62.13,38.12,1.77,13.22,55.69,320
Delhi,10/17/2019,121.68,245.2,18.94,46.51,42.73,35.08,1.44,14.95,49.68,300
Delhi,10/18/2019,90.41,203.39,13.39,39.62,34.81,33.94,1.14,11.36,42.7,265
Delhi,10/19/2019,76.77,174.84,31.61,51.37,53.94,33.65,1.18,11.33,43.23,170
Delhi,10/20/2019,98.05,203.14,35,48.83,53.46,33.32,1.26,10.64,33.47,242
Delhi,10/21/2019,115.16,235,34.79,51.05,55.42,31.9,1.3,11.11,36.8,254
Delhi,10/22/2019,93.51,213.26,34.86,50.05,57.98,29.84,1.37,11.7,39.48,243
Delhi,10/23/2019,122.12,268.58,56.07,57.92,80.24,34.38,1.79,14.08,44.15,248
Delhi,10/24/2019,173.56,346.51,84.08,67.36,108.93,41.69,2.46,18.87,57.94,335
Delhi,10/25/2019,129.9,270.87,42.42,52.55,64.73,37.02,1.72,15.17,52.25,331
Delhi,10/26/2019,148.73,290.6,61.19,56.43,83.98,40.14,1.92,12.76,50.59,315
Delhi,10/27/2019,198.81,321.68,46.63,48.37,68.91,40.04,1.77,13.21,47.27,354
Delhi,10/28/2019,301.39,420.35,35.11,48.45,59.73,40.16,1.77,18.03,42.79,417
Delhi,10/29/2019,287.56,440.77,58.36,60.03,86.74,49,2.43,12.71,33.2,419
Delhi,10/30/2019,279.32,454.35,87.7,63.87,113.63,52.82,2.67,13.81,34.86,452
Delhi,10/31/2019,314.32,500.04,99.58,71.37,123.63,55.54,2.92,15.86,38.29,460
Delhi,11-01-2019,388.45,584.15,62.6,73.61,96.68,58.29,2.59,16.32,49.77,591
Delhi,11-02-2019,320.26,467.74,34.23,54.1,61.32,49.38,1.93,12.88,35,473
Delhi,11-03-2019,582.28,706.58,28.98,49.67,53.58,56.52,2.39,10.2,33.91,659
Delhi,11-04-2019,272.3,386.16,29.75,44.53,51.48,39.67,1.47,11.68,36.82,532
Delhi,11-05-2019,190.41,296.98,32.28,44.32,53.16,33.01,1.43,13.17,39.23,385
Delhi,11-06-2019,101.09,207.19,57.56,54.77,81.72,31.99,1.52,11.58,29.77,265
Delhi,11-07-2019,182.47,292.56,29.02,51.64,54.77,37.3,1.58,11.95,23.72,296
Delhi,11-08-2019,154.14,253.44,51.48,52.79,73.74,38.97,1.68,14.04,32.33,346
Delhi,11-09-2019,140.8,230.5,35.56,44.01,56.07,35.4,1.34,11.58,30.42,321
Delhi,11-10-2019,192.35,296.44,30.88,50.35,56.41,32.4,1.44,13.95,38.5,339
Delhi,11-11-2019,252.48,380.54,45.96,61.36,75.05,37.01,1.79,15.18,42.35,376
Delhi,11-12-2019,384.34,529.59,51.47,66.1,83.09,40.72,2.25,14.41,48.8,475
Delhi,11/13/2019,383.36,541.19,62.74,73.6,94.33,43.4,2.5,15.12,39.52,532
Delhi,11/14/2019,371.42,545.66,77.46,82.63,114.67,50.55,2.92,16.26,26.54,537
Delhi,11/15/2019,423.52,576.12,44.06,59.35,73.02,50.12,2.35,14.14,37.71,595
Delhi,11/16/2019,174.03,293,23.38,42.35,45.36,35.82,1.34,12.89,31.94,438
Delhi,11/17/2019,96.34,165.5,14.48,33.78,32.29,29.55,0.92,10.78,27.01,273
Delhi,11/18/2019,108.4,181.67,29.18,40.05,49.47,29.79,1.26,10.55,30.33,245
Delhi,11/19/2019,126.92,218.13,52.44,52.79,77.11,33.12,1.6,12.05,31.56,251
Delhi,11/20/2019,175.19,295.47,79.63,77.62,106.76,40.19,2.21,14.74,38.99,315
Delhi,11/21/2019,217.7,363.77,104.83,91.65,135.9,44.56,3,19.85,48.43,375
Delhi,11/22/2019,201.17,332.6,83.99,75.08,113.99,42.17,2.4,16.02,41.54,377
Delhi,11/23/2019,130.41,224.14,33.69,52.7,60.68,34.6,1.3,11.64,25.58,334
Delhi,11/24/2019,107.86,178.21,19.82,43.51,42.87,34.33,1.01,11.35,29.6,264
Delhi,11/25/2019,122.37,213.67,44.39,53.29,69.13,35.67,1.45,13.59,31.86,269
Delhi,11/26/2019,114.27,225.78,49.17,53.83,73.89,37.04,1.41,17.65,39.21,284
Delhi,11/27/2019,65.7,128.1,19.37,42.94,41.04,34.32,0.89,10.71,30.2,166
Delhi,11/28/2019,31.03,58.6,10.57,32.3,27.14,30.25,0.65,8.99,28.72,106
Delhi,11/29/2019,53.79,100.29,29.65,41.9,49.52,31.59,1.03,10.14,24.66,89
Delhi,11/30/2019,96.96,159.36,34.59,45.04,56.55,36.65,1.21,9.87,23.38,175
Delhi,12-01-2019,123.66,192.47,38.19,50.39,63.15,36.51,1.17,11.39,32.28,257
Delhi,12-02-2019,141.12,229.08,50.45,57.23,77.73,38.4,1.49,11.18,32.54,299
Delhi,12-03-2019,140.07,241.56,53.47,60.85,82.31,38.81,1.49,11.37,32.57,302
Delhi,12-04-2019,163.24,277.92,77.61,71.65,107.88,43.21,1.95,13.48,33.48,313
Delhi,12-05-2019,271.99,416.79,115.56,91.53,148.59,55.2,2.95,14.48,42.41,389
Delhi,12-06-2019,241.69,362.1,73.76,69.73,103.48,57.17,2.03,13.41,32.34,423
Delhi,12-07-2019,233.79,348.44,79.28,66.41,107.56,55.32,2.32,15.4,33.69,382
Delhi,12-08-2019,239.98,355.16,109.28,68.59,137.04,58.01,2.88,13.69,32.51,404
Delhi,12-09-2019,200.33,311.58,87.59,68.28,114.07,56.75,2.32,12.34,29.47,371
Delhi,12-10-2019,236.4,363.3,85.62,72.63,115.07,59.1,2.41,12.49,38.14,377
Delhi,12-11-2019,299.85,452.65,106.35,85.56,138.71,68.66,3.2,14.71,41.46,430
Delhi,12-12-2019,284.18,412.59,46.67,64.36,76.85,70.65,2.01,12.61,44.13,471
Delhi,12/13/2019,94.62,124.26,13.29,41.21,32.94,50.03,1.14,7.9,29.14,322
Delhi,12/14/2019,78.59,128.36,26.2,41.29,43.17,38.62,1.18,9.04,22.94,179
Delhi,12/15/2019,94.67,151.57,26.19,39.9,43.01,38.46,1.15,8.5,22.96,205
Delhi,12/16/2019,88.05,133.11,21.68,35.06,36,39.25,1.04,7.17,22.1,202
Delhi,12/17/2019,93.07,140.23,27.2,32.7,40.32,46.78,1.07,7.26,24.27,178
Delhi,12/18/2019,144,214.88,29.59,44.41,48.79,51.81,1.24,7.98,32.08,273
Delhi,12/19/2019,261.16,385.13,51.02,55.64,72.47,57.3,1.92,9.64,28.22,354
Delhi,12/20/2019,316.09,449.06,40.57,60.58,66.4,58.04,2.16,9.92,29.05,452
Delhi,12/21/2019,249.87,353.94,37.13,50.24,57.35,62.14,1.71,8.52,23.62,441
Delhi,12/22/2019,146.81,202.05,19.33,38.96,36.7,57.51,1.13,6.67,21.48,351
Delhi,12/23/2019,171.47,240.19,26.86,39.83,44.43,53.04,1.28,7,23.8,321
Delhi,12/24/2019,262.69,401.03,38.02,56.72,64.46,53.3,1.76,8.7,28.17,376
Delhi,12/25/2019,166.71,258.28,22.4,39.77,40.79,48.52,1.2,6.96,21.13,384
Delhi,12/26/2019,196.97,299.85,19.25,45.08,41.2,51.83,1.17,6.99,25.73,340
Delhi,12/27/2019,240.07,371.45,28.66,54.6,54.95,52.64,1.39,7.88,27.55,372
Delhi,12/28/2019,275.6,426.12,60.13,55.98,83.47,50.47,1.96,10.26,27.92,425
Delhi,12/29/2019,326.79,500.15,32.73,57.76,61.51,49.61,1.86,10.25,35.11,455
Delhi,12/30/2019,333.43,486.35,54.97,55.61,79.04,50.75,2.24,11.15,26.44,506
Delhi,12/31/2019,245.53,338.18,44.49,47.5,64.57,48.22,1.8,11.03,28.07,417
Delhi,01-01-2020,372.14,483.87,109.53,64.18,135,56.85,3.15,18.49,39.58,492
Delhi,01-02-2020,327.04,439.31,120.76,64.8,143.71,58.26,3.32,19.95,36.5,485
Delhi,01-03-2020,228.9,337.04,111.09,55.65,131.13,53.02,2.8,14.93,27.82,426
Delhi,01-04-2020,220.6,327.22,86.58,57.67,110.2,53.46,2.2,12.85,29.94,366
Delhi,01-05-2020,170.21,257.94,29.99,48.25,54.3,47.94,1.23,9.59,30.21,354
Delhi,01-06-2020,159.64,247.47,35.49,51.19,60.14,47.01,1.27,11.34,21.99,335
Delhi,01-07-2020,120.31,176.22,24.08,44.9,46.56,43.53,1.18,12.74,22.82,285
Delhi,01-08-2020,117.98,145.85,26.65,38.64,45.09,44.73,1.13,8.67,17.63,281
Delhi,01-09-2020,89.26,132.06,14.71,32.3,31.03,36.87,0.89,7.28,22,231
Delhi,01-10-2020,130.82,203.54,27.73,45.12,50.71,37.73,1.3,9.44,27.25,255
Delhi,01-11-2020,151.1,245.62,43.83,53.28,69.66,40.97,1.54,11.65,30.98,309
Delhi,01-12-2020,207.23,325.36,90.44,59.91,113.97,48.65,2.26,12.35,32.47,352
Delhi,1/13/2020,218.98,329.77,61.38,55.04,84.22,53.64,2.11,11.59,27.98,381
Delhi,1/14/2020,115.62,163.67,21.19,38.08,40.99,46.34,1.16,9.24,21.62,314
Delhi,1/15/2020,111.57,179.08,29.61,47.45,54.26,41.76,1.17,10.68,26.19,241
Delhi,1/16/2020,139.06,197.9,28.99,44.21,51.19,43.54,1.11,10.44,18.63,286
Delhi,1/17/2020,107.65,152.98,31.58,36.19,49.2,40.15,1.14,9.69,18.97,287
Delhi,1/18/2020,125.3,198.24,39.64,43.78,60.8,39.56,1.32,9.65,19.93,262
Delhi,1/19/2020,125.04,187.93,18.6,34.18,36.38,38.38,0.96,8.69,25.86,290
Delhi,1/20/2020,142.18,225.67,30.68,38.21,49.07,39.27,1.39,9.65,24.64,282
Delhi,1/21/2020,222.81,348.45,63.49,48.18,83.32,48.02,1.93,12.24,27.6,359
Delhi,1/22/2020,198.88,296.98,66,44.3,82.89,45.17,1.9,10.95,24.63,378
Delhi,1/23/2020,74.45,137.61,15.4,35.26,33.47,36.32,0.79,8.71,27.73,273
Delhi,1/24/2020,79.83,151.81,23.68,44,45.88,34.23,0.99,10.73,30.53,155
Delhi,1/25/2020,136.72,240.57,58.83,56.31,84.2,41.37,1.48,12.36,26.8,251
Delhi,1/26/2020,201.2,309.09,74.63,50.94,95.06,48.8,2.09,12.81,32.7,349
Delhi,1/27/2020,209.97,330.91,89.41,67.09,116.25,53.66,2.19,14.72,26.6,365
Delhi,1/28/2020,104.45,149.12,17.85,42.01,37.97,42.76,1.26,11.12,23.29,302
Delhi,1/29/2020,77.95,134.17,30.9,42.24,48.65,38.01,1.24,9.85,23.96,218
Delhi,1/30/2020,91.56,168.43,30.79,45.04,50.9,36.77,1.08,10.06,24.23,195
Delhi,1/31/2020,92.04,170.33,31.8,47.35,53.46,34.03,1.1,9.9,24.36,203
Delhi,02-01-2020,112.13,201.19,49.25,44.25,67.5,35.95,1.26,10.02,29.22,244
Delhi,02-02-2020,120.86,200.9,33.12,45.28,54.17,36.46,1.2,10.32,29.69,254
Delhi,02-03-2020,138.5,243.43,50.47,53.71,73.96,37.5,1.51,11.4,33.94,297
Delhi,02-04-2020,188.42,340.56,92.85,64.8,115.76,43.09,2.21,15.26,41,336
Delhi,02-05-2020,150.08,255.41,41.58,53.35,67.5,40.07,1.3,13.31,32.03,344
Delhi,02-06-2020,118.57,205.43,33.37,51.82,60.54,36.16,1.18,12.08,33.75,277
Delhi,02-07-2020,150.15,253.82,64.24,58.46,88.53,38.38,1.51,14.21,34.75,307
Delhi,02-08-2020,149.67,238.17,30.62,47.55,54.41,40.72,1.16,14.39,35.72,315
Delhi,02-09-2020,151.43,247.62,35.28,50.75,60.36,40.04,1.29,14.64,36.29,310
Delhi,02-10-2020,174.4,292.44,56.93,56.48,82.69,39.99,1.61,14.83,31.92,328
Delhi,02-11-2020,176.57,306.12,83.94,60.12,107.57,39.73,1.89,14.37,37.22,347
Delhi,02-12-2020,172.12,295.05,38.78,55.96,64.65,40.92,1.29,16.24,37.86,343
Delhi,2/13/2020,95.72,179.78,15.54,41.59,37.63,36.91,0.95,16.49,36.8,279
Delhi,2/14/2020,73.84,172.28,12.35,34.6,30.48,34.06,0.82,13.53,43.62,186
Delhi,2/15/2020,83.07,174.78,18.16,44.57,41.54,32.48,0.91,17.59,42.21,174
Delhi,2/16/2020,132.63,237.81,42.02,57.15,70.95,38.77,1.38,19.61,40.01,254
Delhi,2/17/2020,158.69,282.84,61.48,61.17,88.49,42.77,1.61,18.85,38.6,323
Delhi,2/18/2020,125.53,238.91,39.22,59.91,67.21,37.01,1.39,23.01,42.7,292
Delhi,2/19/2020,138.46,286.39,87.96,59.9,111.77,44.11,2,20.13,44.29,300
Delhi,2/20/2020,98.84,223.69,10.13,44.05,32.65,39.61,0.99,14.91,55.32,253
Delhi,2/21/2020,53.11,85.49,8.84,33.27,26.24,35.81,0.83,10.45,39.58,170
Delhi,2/22/2020,63.62,123.44,29.86,41.23,50.12,33.46,1.2,13.38,32.03,104
Delhi,2/23/2020,105.71,182.2,41.97,42.24,61.5,38.33,1.26,14.3,35.15,221
Delhi,2/24/2020,70.59,145.05,29.23,44.2,51.6,33.19,1.02,15.94,33.36,169
Delhi,2/25/2020,127.75,224.02,27.87,46.76,52.38,39.61,1.22,18.24,35.32,244
Delhi,2/26/2020,141.81,258.62,56.86,50.67,78.58,42.7,1.54,17.61,38.64,303
Delhi,2/27/2020,107.28,203.77,22.85,46.15,46.13,43.64,1.23,14.7,36.36,270
Delhi,2/28/2020,83.48,161.36,8.21,33.92,26.32,41.44,0.97,11.55,41.53,214
Delhi,2/29/2020,60.01,115.82,9.66,33.98,27.57,34.88,0.83,12.05,37.35,144
Delhi,03-01-2020,42.83,91.88,20.57,40.73,41.36,31.4,0.97,12.19,39.84,105
Delhi,03-02-2020,99.34,203.51,64.58,50.23,85.92,39.78,1.58,15.81,36.64,192
Delhi,03-03-2020,86.26,188.73,50.52,46.6,71.98,37.02,1.22,15.48,32.39,226
Delhi,03-04-2020,82.9,193.79,40.18,45.62,60.78,37.32,1.1,16.22,41.77,200
Delhi,03-05-2020,31.43,67.5,11.78,32.97,28.54,32.27,0.81,11.32,36.98,112
Delhi,03-06-2020,21.32,38.5,12.55,33.71,29.75,29.56,0.87,10.42,33.52,82
Delhi,03-07-2020,40.96,85.45,17.41,35.53,34.85,29.01,0.82,11.84,35.47,77
Delhi,03-08-2020,72.1,140.22,45.65,37.14,61.74,31.51,1.11,12.61,34.59,156
Delhi,03-09-2020,58.04,133.75,18.86,32.29,34.79,29.29,0.75,13.33,34.54,138
Delhi,03-10-2020,84.35,160.91,14.46,30.22,29.74,30.99,0.84,17.21,47.66,186
Delhi,03-11-2020,55.19,112.57,10.1,29.76,24.99,32.88,0.76,13.82,42.36,128
Delhi,03-12-2020,56.92,155.18,21.91,36.74,39.57,35.31,0.94,13.68,34.27,125
Delhi,3/13/2020,68.72,209.02,29.31,40.53,49,31.36,0.87,15.42,37.42,170
Delhi,3/14/2020,39.41,85.26,14.67,34.59,32.7,34.29,0.76,11.59,29.17,131
Delhi,3/15/2020,60.99,124.24,26.33,41.09,46.69,31.09,0.9,13.92,37.25,124
Delhi,3/16/2020,61.61,144.37,21.37,41.52,44.12,31.07,0.89,14.8,38.38,148
Delhi,3/17/2020,69.7,160.15,26.05,43.5,48.87,32.31,1,15.06,40.59,164
Delhi,3/18/2020,68.93,162.56,29.29,45.86,53.31,32.99,1.07,14.93,41.73,162
Delhi,3/19/2020,90.62,195.15,37.81,45.67,59.24,36.15,1.14,17.66,43.16,191
Delhi,3/20/2020,90.31,200.79,30.21,51.26,55.88,34.3,1.24,19.71,48.23,209
Delhi,3/21/2020,82.39,184.81,31.58,46.04,54.04,36.61,1.18,18.55,43.19,205
Delhi,3/22/2020,78.61,134.46,14.49,29.85,30.31,32.61,0.92,16.63,47.67,198
Delhi,3/23/2020,54.26,100.55,11.75,25.96,25.31,30.31,0.78,15.17,46.48,127
Delhi,3/24/2020,55.85,103.62,12.3,27.07,26.48,31.91,0.81,15.81,38.23,124
Delhi,3/25/2020,37.87,68.03,13.09,21.11,22.57,34.43,0.68,11.49,32.11,92
Delhi,3/26/2020,45.69,75.81,9.02,16.58,17.41,33.68,0.58,12.82,30.59,93
Delhi,3/27/2020,26.89,45.48,8.34,15.32,15.89,27.4,0.53,11.04,27.38,76
Delhi,3/28/2020,21.23,34.15,9.87,17.52,18.34,25.22,0.54,10.28,25.06,51
Delhi,3/29/2020,27.59,55.75,8.74,16.6,16.42,23.98,0.52,10.39,35.75,64
Delhi,3/30/2020,35.08,64.66,8.29,17.52,16.62,23.21,0.58,12.47,40.26,74
Delhi,3/31/2020,35.31,67.01,9.36,18.03,18.01,26.5,0.56,12.33,40.96,81
Delhi,04-01-2020,32.88,65.84,10.4,19.17,19.26,26.73,0.62,13,35.06,80
Delhi,04-02-2020,28.51,61.06,9.91,17.18,17.72,22.22,0.6,10.84,39.47,78
Delhi,04-03-2020,31.36,62.69,9.29,20.07,19.33,21.54,0.61,11.99,46.82,84
Delhi,04-04-2020,40.79,77.64,10.07,22.38,21.19,23.06,0.68,12.59,41.26,90
Delhi,04-05-2020,51.79,96.88,10.99,24.42,22.78,25.14,0.81,16.03,44.55,103
Delhi,04-06-2020,59.91,114.88,11.05,24.37,22.68,26.41,0.81,15.59,44.16,134
Delhi,04-07-2020,33.12,94.02,8.5,19.27,17.38,25.53,0.6,13.46,42.65,100
Delhi,04-08-2020,29.7,79.04,8.38,18.56,16.51,23.41,0.56,12.85,45.8,91
Delhi,04-09-2020,36.13,76.32,8.49,21.37,18.16,23.84,0.66,14.2,48.34,89
Delhi,04-10-2020,57.67,112.93,9.8,27.12,23.3,27.71,0.81,16.32,40.36,111
Delhi,04-11-2020,53.03,118.1,9.54,23.64,21.9,28.33,0.83,18.38,49.51,126
Delhi,04-12-2020,38.57,92.7,5.48,17.59,14.66,26.99,0.67,15.7,50.15,102
Delhi,4/13/2020,60.6,136.77,7.16,23.4,19.83,27.95,0.83,19.86,41.07,119
Delhi,4/14/2020,58.22,144.7,8.83,25.71,22.96,28.76,0.93,17.38,40.74,134
Delhi,4/15/2020,58.31,190.98,10.37,24.55,24.05,28.36,0.93,14.89,38.22,152
Delhi,4/16/2020,69.8,191.17,11.86,25.01,25.66,30.36,0.94,19.42,41.87,172
Delhi,4/17/2020,26.93,89.58,8.12,15.83,16.95,26.06,0.64,14.08,53.53,123
Delhi,4/18/2020,29.09,102.53,8.45,15.45,17.02,27.18,0.68,12.63,49.14,102
Delhi,4/19/2020,35.49,73.86,10.13,19.72,20.82,29.94,0.71,13.17,40.53,95
Delhi,4/20/2020,52.86,113.25,12.38,24.56,25.55,31.57,1.02,15.06,32.67,115
Delhi,4/21/2020,37.17,87.27,8.89,19.64,19.57,29.75,0.82,15.36,48.56,102
Delhi,4/22/2020,58.25,130.99,10.78,24.79,24.17,29.39,0.86,17.34,46.94,122
Delhi,4/23/2020,54.71,127.82,9.42,24.83,22.92,30.02,0.91,17.39,43.99,129
Delhi,4/24/2020,65.91,138.46,11,25.62,24.87,32.62,0.99,18.62,47.98,143
Delhi,4/25/2020,33.09,85.83,9.6,18.68,19.91,28.65,0.75,12.76,54.53,121
Delhi,4/26/2020,40.24,117.1,8.42,17.45,17.77,31.61,0.77,16.21,47.16,119
Delhi,4/27/2020,27.18,53.02,8.28,14.8,16.38,29.94,0.76,15.59,53.43,98
Delhi,4/28/2020,41.75,80.36,10.32,17.35,20.03,28.6,0.86,17.6,58.96,105
Delhi,4/29/2020,55.18,114.91,12.66,20.11,22.66,28.86,0.91,19.08,58.57,123
Delhi,4/30/2020,49.96,115.63,12.73,17.61,20.45,32.99,0.84,17.42,59.55,128
Delhi,05-01-2020,61.04,143.11,11.8,18.46,20.45,36.43,0.89,17.52,56.81,140
Delhi,05-02-2020,34.67,107.36,12.81,14.36,19.49,33.93,0.76,13,60.45,127
Delhi,05-03-2020,32.56,83.02,12.72,15.14,21.57,32.48,0.68,11.94,49.04,110
Delhi,05-04-2020,26.63,60.59,12.86,16.95,20.79,31.35,0.72,11.92,50.56,92
Delhi,05-05-2020,56.24,115.91,13.93,21.36,24.06,30.86,0.87,16.4,52.12,117
Delhi,05-06-2020,58.44,169.61,13.75,21.88,25.58,29.53,0.89,15.78,53.95,139
Delhi,05-07-2020,36.02,88.35,10.31,17.97,18.92,25.51,0.73,13.6,73.11,140
Delhi,05-08-2020,51.09,120.82,10.02,21.66,20.69,27.98,0.83,13.82,74.28,138
Delhi,05-09-2020,54.18,126.9,9.47,17.65,19.17,30.14,0.85,13.33,76.32,142
Delhi,05-10-2020,44.3,110.39,5.21,16.46,14.47,28.71,0.74,12.02,63.71,127
Delhi,05-11-2020,43.26,93.49,4.8,19.53,15.6,28.13,0.76,12.66,64.6,113
Delhi,05-12-2020,43.19,94.4,4.42,18.49,14.62,29.43,0.75,13.84,64.1,122
Delhi,5/13/2020,68.8,159.2,5.09,21.34,16.74,32.29,0.9,15.41,52.2,132
Delhi,5/14/2020,56.17,126.53,9.04,25.12,21.86,30.82,0.89,12.92,50.22,154
Delhi,5/15/2020,47.44,101.93,6.76,23.45,18.9,27.39,0.84,13.71,53.08,125
Delhi,5/16/2020,81.87,151.8,6.11,26.17,19.89,27.62,0.99,16.19,63.12,175
Delhi,5/17/2020,98.63,187.24,9.24,31.96,26.01,28.76,1.06,20.19,59.79,202
Delhi,5/18/2020,101.02,192.68,11.31,34.76,29.28,28.97,1.12,22.11,53.55,222
Delhi,5/19/2020,106.63,208.65,16.68,42.67,38.49,30.58,1.31,20.41,57.05,238
Delhi,5/20/2020,67.8,155.41,8.79,32.8,25.93,28.73,1.03,18.96,62.34,196
Delhi,5/21/2020,55.92,163.77,9.67,31.36,25.81,25.55,1.09,18.99,62.56,149
Delhi,5/22/2020,94.37,213.47,17.16,45.36,40.17,28.56,1.31,26.05,55.45,199
Delhi,5/23/2020,74.92,209.49,16.74,42.43,37.85,28.82,1.16,17.05,41.87,202
Delhi,5/24/2020,55.37,179.3,8.13,27.35,21.76,26.54,0.87,17.11,53.31,174
Delhi,5/25/2020,61.46,162.41,9.3,30.92,25,27.22,0.94,21.3,54.74,157
Delhi,5/26/2020,55.38,190.11,19.09,37.79,37.41,27.06,1.1,16.82,38.73,153
Delhi,5/27/2020,43.22,161.76,7.58,26.95,21.37,25.79,0.83,14.49,66.77,156
Delhi,5/28/2020,39.07,229.55,4.89,17.1,13.26,29.02,0.8,11.68,55.92,174
Delhi,5/29/2020,24.62,66.66,5.14,19.02,14.69,32.19,0.77,9.95,47.48,129
Delhi,5/30/2020,23.09,53.19,5.04,18.51,14.11,36.19,0.84,9.95,50.29,84
Delhi,5/31/2020,21.51,40.43,5.02,17.05,13.15,34.91,0.84,9.06,42.29,80
Delhi,06-01-2020,41.05,80.47,5.87,22.99,17.6,35,0.96,14.02,50.57,100
Delhi,06-02-2020,45.9,98.32,7.25,24.78,19.94,35.78,0.92,12.71,50.06,123
Delhi,06-03-2020,50.62,114.01,7.07,28.02,21.64,36.05,0.9,15.91,52.16,123
Delhi,06-04-2020,68.24,143.79,11.87,34.11,29.57,38.85,1.09,17.97,39.14,144
Delhi,06-05-2020,42.43,87.05,7.6,25.87,20.45,35.51,0.87,12.46,44.83,126
Delhi,06-06-2020,35.14,80.49,5.85,21.25,16.37,31.81,0.82,10.69,51.46,102
Delhi,06-07-2020,39.99,91.17,6.5,22.65,17.92,30.79,0.86,11.89,45.4,104
Delhi,06-08-2020,46.9,103.27,7.94,25.81,21.44,31.81,0.94,15.78,51.77,112
Delhi,06-09-2020,64.77,148.67,11.04,32.01,28.36,33.83,1.01,15.06,49.14,138
Delhi,06-10-2020,58.9,156.29,16.38,34.31,35.09,33.27,1.03,14.12,40.8,154
Delhi,06-11-2020,54.69,134.36,12.37,30.94,30,36.54,0.91,12.74,40.63,142
Delhi,06-12-2020,64,152.7,12.41,30.05,29.74,38.64,1.06,12.9,43.37,152
Delhi,6/13/2020,52.36,129.33,8.9,25.46,22.93,36.62,0.95,10.59,34.95,132
Delhi,6/14/2020,71.08,150.28,8.19,26.01,22.01,40,1.04,13.57,38.86,147
Delhi,6/15/2020,48.69,120.23,7.8,25.95,21.79,35.38,0.88,12.57,48.39,130
Delhi,6/16/2020,39.87,107.99,7.35,24.58,19.98,32.62,0.88,12.08,51.4,126
Delhi,6/17/2020,34.35,92.58,5.47,16.94,14.73,29.4,0.78,10.84,48.72,110
Delhi,6/18/2020,36.84,100.62,6.02,18.32,15.69,28.68,0.82,12.19,47.98,107
Delhi,6/19/2020,57.6,205.56,6.58,17.78,15.57,27.96,0.86,11.98,40.95,132
Delhi,6/20/2020,35.96,108.73,6.53,20.37,17.92,26.38,0.8,10.98,36.24,158
Delhi,6/21/2020,39.7,95.63,7.21,23.7,19.89,28.84,0.85,11.71,33.92,105
Delhi,6/22/2020,39.47,77.48,5.67,20.61,17.46,34.32,0.91,11.08,42.76,104
Delhi,6/23/2020,29.02,64.12,6.22,16.39,15.33,33.32,0.88,11.09,28.64,85
Delhi,6/24/2020,30.91,62.61,6.63,16.84,15.72,31.45,0.89,11.02,24.77,71
Delhi,6/25/2020,38.37,77.76,9.33,21.41,21.17,30.48,1.02,11.28,25.92,86
Delhi,6/26/2020,50.01,112.08,9.67,22.06,21.75,32.64,1.01,11.66,24.82,104
Delhi,6/27/2020,39.8,155.94,10.88,21.46,22.47,31.43,0.87,10.38,18.88,112
Delhi,6/28/2020,59.52,308.65,12.67,21.6,23.86,29.27,0.94,10.7,18.05,196
Delhi,6/29/2020,44.86,184.12,10.5,21.57,21.94,27.97,0.88,11.58,26.61,233
Delhi,6/30/2020,39.8,91.98,5.99,17.96,15.44,28.48,0.84,10.51,37.29,114
Delhi,07-01-2020,54.01,128.66,6.33,21.05,16.81,29.06,0.97,11.15,29.73,101
